
PLAY [Check Ansible version] ***************************************************
Tuesday 25 August 2026  19:29:59 +0530 (0:00:00.011)       0:00:00.011 ******** 

TASK [Check 2.18.0 <= Ansible version < 2.19.0] ********************************
ok: [k8s-cp-0] => {
    "changed": false,
    "msg": "All assertions passed"
}
Tuesday 25 August 2026  19:29:59 +0530 (0:00:00.026)       0:00:00.037 ******** 

TASK [Check that python netaddr is installed] **********************************
ok: [k8s-cp-0] => {
    "changed": false,
    "msg": "All assertions passed"
}
Tuesday 25 August 2026  19:29:59 +0530 (0:00:00.064)       0:00:00.101 ******** 

TASK [Check that jinja is not too old (install via pip)] ***********************
ok: [k8s-cp-0] => {
    "changed": false,
    "msg": "All assertions passed"
}

PLAY [Inventory setup and validation] ******************************************
Tuesday 25 August 2026  19:29:59 +0530 (0:00:00.029)       0:00:00.130 ******** 

TASK [dynamic_groups : Match needed groups by their old names or definition] ***
ok: [k8s-cp-0] => (item={'key': 'k8s_cluster', 'value': ['kube_node', 'kube_control_plane', 'calico_rr']})
ok: [k8s-w-0] => (item={'key': 'k8s_cluster', 'value': ['kube_node', 'kube_control_plane', 'calico_rr']})
Tuesday 25 August 2026  19:29:59 +0530 (0:00:00.069)       0:00:00.199 ******** 

TASK [validate_inventory : Fail if removed variables are used] *****************
ok: [k8s-cp-0] => {
    "changed": false,
    "msg": "All assertions passed"
}
Tuesday 25 August 2026  19:29:59 +0530 (0:00:00.038)       0:00:00.238 ******** 

TASK [validate_inventory : Stop if kube_control_plane group is empty] **********
ok: [k8s-cp-0] => {
    "changed": false,
    "msg": "All assertions passed"
}
Tuesday 25 August 2026  19:29:59 +0530 (0:00:00.033)       0:00:00.271 ******** 

TASK [validate_inventory : Stop if etcd group is empty in external etcd mode] ***
ok: [k8s-cp-0] => {
    "changed": false,
    "msg": "All assertions passed"
}
Tuesday 25 August 2026  19:29:59 +0530 (0:00:00.034)       0:00:00.306 ******** 
Tuesday 25 August 2026  19:29:59 +0530 (0:00:00.026)       0:00:00.332 ******** 

TASK [validate_inventory : Stop if unsupported version of Kubernetes] **********
ok: [k8s-cp-0] => {
    "changed": false,
    "msg": "All assertions passed"
}
ok: [k8s-w-0] => {
    "changed": false,
    "msg": "All assertions passed"
}
Tuesday 25 August 2026  19:29:59 +0530 (0:00:00.040)       0:00:00.373 ******** 

TASK [validate_inventory : Stop if known booleans are set as strings (Use JSON format on CLI: -e "{'key': true }")] ***
ok: [k8s-cp-0] => {
    "changed": false,
    "msg": "All assertions passed"
}
Tuesday 25 August 2026  19:30:00 +0530 (0:00:00.035)       0:00:00.408 ******** 

TASK [validate_inventory : Stop if even number of etcd hosts] ******************
ok: [k8s-cp-0] => {
    "changed": false,
    "msg": "All assertions passed"
}
Tuesday 25 August 2026  19:30:00 +0530 (0:00:00.036)       0:00:00.444 ******** 
Tuesday 25 August 2026  19:30:00 +0530 (0:00:00.024)       0:00:00.469 ******** 
Tuesday 25 August 2026  19:30:00 +0530 (0:00:00.021)       0:00:00.490 ******** 
Tuesday 25 August 2026  19:30:00 +0530 (0:00:00.021)       0:00:00.512 ******** 

TASK [validate_inventory : Check that kube_service_addresses is a network range] ***
ok: [k8s-cp-0] => {
    "changed": false,
    "msg": "All assertions passed"
}
Tuesday 25 August 2026  19:30:00 +0530 (0:00:00.080)       0:00:00.593 ******** 

TASK [validate_inventory : Check that kube_pods_subnet is a network range] *****
ok: [k8s-cp-0] => {
    "changed": false,
    "msg": "All assertions passed"
}
Tuesday 25 August 2026  19:30:00 +0530 (0:00:00.072)       0:00:00.666 ******** 

TASK [validate_inventory : Check that kube_pods_subnet does not collide with kube_service_addresses] ***
ok: [k8s-cp-0] => {
    "changed": false,
    "msg": "All assertions passed"
}
Tuesday 25 August 2026  19:30:00 +0530 (0:00:00.100)       0:00:00.766 ******** 
Tuesday 25 August 2026  19:30:00 +0530 (0:00:00.022)       0:00:00.789 ******** 
Tuesday 25 August 2026  19:30:00 +0530 (0:00:00.027)       0:00:00.817 ******** 
Tuesday 25 August 2026  19:30:00 +0530 (0:00:00.021)       0:00:00.838 ******** 
Tuesday 25 August 2026  19:30:00 +0530 (0:00:00.022)       0:00:00.861 ******** 
Tuesday 25 August 2026  19:30:00 +0530 (0:00:00.023)       0:00:00.885 ******** 

TASK [validate_inventory : Stop if unsupported options selected] ***************
ok: [k8s-cp-0] => {
    "changed": false,
    "msg": "All assertions passed"
}
Tuesday 25 August 2026  19:30:00 +0530 (0:00:00.038)       0:00:00.923 ******** 
Tuesday 25 August 2026  19:30:00 +0530 (0:00:00.033)       0:00:00.957 ******** 
Tuesday 25 August 2026  19:30:00 +0530 (0:00:00.026)       0:00:00.984 ******** 
Tuesday 25 August 2026  19:30:00 +0530 (0:00:00.023)       0:00:01.007 ******** 
Tuesday 25 August 2026  19:30:00 +0530 (0:00:00.021)       0:00:01.029 ******** 

TASK [validate_inventory : Ensure minimum containerd version] ******************
ok: [k8s-cp-0] => {
    "changed": false,
    "msg": "All assertions passed"
}
Tuesday 25 August 2026  19:30:00 +0530 (0:00:00.035)       0:00:01.065 ******** 
Tuesday 25 August 2026  19:30:00 +0530 (0:00:00.026)       0:00:01.092 ******** 
[WARNING]: Could not match supplied host pattern, ignoring: bastion
[WARNING]: Could not match supplied host pattern, ignoring: calico_rr

TASK [validate_inventory : Download_file | Check if requested Kubernetes are supported] ***
ok: [k8s-cp-0] => {
    "changed": false,
    "msg": "All assertions passed"
}
ok: [k8s-w-0] => {
    "changed": false,
    "msg": "All assertions passed"
}

PLAY [Install bastion ssh config] **********************************************
skipping: no hosts matched

PLAY [Bootstrap hosts for Ansible] *********************************************
Tuesday 25 August 2026  19:30:00 +0530 (0:00:00.066)       0:00:01.159 ******** 
[WARNING]: raw module does not support the environment keyword

TASK [bootstrap_os : Fetch /etc/os-release] ************************************
ok: [k8s-cp-0]
ok: [k8s-w-0]
Tuesday 25 August 2026  19:30:00 +0530 (0:00:00.082)       0:00:01.241 ******** 
Tuesday 25 August 2026  19:30:00 +0530 (0:00:00.072)       0:00:01.314 ******** 

TASK [bootstrap_os : Include tasks] ********************************************
included: ~/kubespray/roles/bootstrap_os/tasks/ubuntu.yml for k8s-cp-0, k8s-w-0 => (item=~/kubespray/roles/bootstrap_os/tasks/ubuntu.yml)
Tuesday 25 August 2026  19:30:01 +0530 (0:00:00.083)       0:00:01.398 ******** 

TASK [bootstrap_os : Check if bootstrap is needed] *****************************
ok: [k8s-cp-0]
ok: [k8s-w-0]
Tuesday 25 August 2026  19:30:01 +0530 (0:00:00.069)       0:00:01.468 ******** 

TASK [bootstrap_os : Check http::proxy in apt configuration files] *************
ok: [k8s-cp-0]
ok: [k8s-w-0]
Tuesday 25 August 2026  19:30:01 +0530 (0:00:00.082)       0:00:01.551 ******** 
Tuesday 25 August 2026  19:30:01 +0530 (0:00:00.042)       0:00:01.594 ******** 

TASK [bootstrap_os : Check https::proxy in apt configuration files] ************
ok: [k8s-cp-0]
ok: [k8s-w-0]
Tuesday 25 August 2026  19:30:01 +0530 (0:00:00.076)       0:00:01.670 ******** 
Tuesday 25 August 2026  19:30:01 +0530 (0:00:00.033)       0:00:01.704 ******** 
Tuesday 25 August 2026  19:30:01 +0530 (0:00:00.025)       0:00:01.729 ******** 
Tuesday 25 August 2026  19:30:01 +0530 (0:00:00.024)       0:00:01.753 ******** 
Tuesday 25 August 2026  19:30:01 +0530 (0:00:00.025)       0:00:01.779 ******** 
Tuesday 25 August 2026  19:30:01 +0530 (0:00:00.024)       0:00:01.803 ******** 

TASK [system_packages : Gather OS information] *********************************
ok: [k8s-w-0]
ok: [k8s-cp-0]
Tuesday 25 August 2026  19:30:02 +0530 (0:00:00.776)       0:00:02.580 ******** 
Tuesday 25 August 2026  19:30:02 +0530 (0:00:00.029)       0:00:02.609 ******** 
Tuesday 25 August 2026  19:30:02 +0530 (0:00:00.026)       0:00:02.636 ******** 
Tuesday 25 August 2026  19:30:02 +0530 (0:00:00.026)       0:00:02.662 ******** 
Tuesday 25 August 2026  19:30:02 +0530 (0:00:00.027)       0:00:02.690 ******** 

TASK [system_packages : Manage packages] ***************************************
changed: [k8s-w-0] => (item=install)
changed: [k8s-cp-0] => (item=install)
Tuesday 25 August 2026  19:30:42 +0530 (0:00:40.312)       0:00:43.002 ******** 

TASK [bootstrap_os : Create remote_tmp for it is used by another module] *******
ok: [k8s-cp-0]
ok: [k8s-w-0]
Tuesday 25 August 2026  19:30:43 +0530 (0:00:00.390)       0:00:43.393 ******** 

TASK [bootstrap_os : Gather facts] *********************************************
ok: [k8s-cp-0]
ok: [k8s-w-0]
Tuesday 25 August 2026  19:30:43 +0530 (0:00:00.479)       0:00:43.872 ******** 

TASK [bootstrap_os : Assign inventory name to unconfigured hostnames (non-CoreOS, non-Flatcar, Suse and ClearLinux, non-Fedora)] ***
ok: [k8s-w-0]
ok: [k8s-cp-0]
Tuesday 25 August 2026  19:30:44 +0530 (0:00:01.016)       0:00:44.889 ******** 

TASK [bootstrap_os : Ensure bash_completion.d folder exists] *******************
ok: [k8s-cp-0]
ok: [k8s-w-0]

PLAY [Gather facts] ************************************************************
Tuesday 25 August 2026  19:30:44 +0530 (0:00:00.274)       0:00:45.163 ******** 

TASK [network_facts : Gather node IPs] *****************************************
ok: [k8s-w-0]
ok: [k8s-cp-0]
Tuesday 25 August 2026  19:30:45 +0530 (0:00:00.570)       0:00:45.734 ******** 

TASK [network_facts : Set computed IPs variables] ******************************
ok: [k8s-cp-0]
ok: [k8s-w-0]
Tuesday 25 August 2026  19:30:45 +0530 (0:00:00.082)       0:00:45.817 ******** 
Tuesday 25 August 2026  19:30:45 +0530 (0:00:00.032)       0:00:45.849 ******** 

TASK [Gather minimal facts] ****************************************************
ok: [k8s-cp-0]
ok: [k8s-w-0]
Tuesday 25 August 2026  19:30:46 +0530 (0:00:00.557)       0:00:46.407 ******** 

TASK [Gather necessary facts (network)] ****************************************
ok: [k8s-cp-0]
ok: [k8s-w-0]
Tuesday 25 August 2026  19:30:46 +0530 (0:00:00.611)       0:00:47.019 ******** 

TASK [Gather necessary facts (hardware)] ***************************************
ok: [k8s-cp-0]
ok: [k8s-w-0]

PLAY [Prepare for etcd install] ************************************************
Tuesday 25 August 2026  19:30:48 +0530 (0:00:01.782)       0:00:48.801 ******** 

TASK [adduser : User | Create User Group] **************************************
changed: [k8s-w-0]
changed: [k8s-cp-0]
Tuesday 25 August 2026  19:30:48 +0530 (0:00:00.355)       0:00:49.157 ******** 

TASK [adduser : User | Create User] ********************************************
changed: [k8s-w-0]
changed: [k8s-cp-0]
Tuesday 25 August 2026  19:30:49 +0530 (0:00:00.490)       0:00:49.647 ******** 

TASK [kubernetes/preinstall : Check if /etc/fstab exists] **********************
ok: [k8s-cp-0]
ok: [k8s-w-0]
Tuesday 25 August 2026  19:30:49 +0530 (0:00:00.325)       0:00:49.973 ******** 

TASK [kubernetes/preinstall : Remove swapfile from /etc/fstab] *****************
ok: [k8s-w-0] => (item=swap)
ok: [k8s-cp-0] => (item=swap)
ok: [k8s-w-0] => (item=none)
ok: [k8s-cp-0] => (item=none)
Tuesday 25 August 2026  19:30:50 +0530 (0:00:00.578)       0:00:50.552 ******** 

TASK [kubernetes/preinstall : Mask swap.target (persist swapoff)] **************
changed: [k8s-w-0]
changed: [k8s-cp-0]
Tuesday 25 August 2026  19:30:51 +0530 (0:00:01.006)       0:00:51.559 ******** 

TASK [kubernetes/preinstall : Disable swap] ************************************
changed: [k8s-w-0]
changed: [k8s-cp-0]
Tuesday 25 August 2026  19:30:51 +0530 (0:00:00.335)       0:00:51.895 ******** 
Tuesday 25 August 2026  19:30:51 +0530 (0:00:00.029)       0:00:51.925 ******** 

TASK [kubernetes/preinstall : Check resolvconf] ********************************
ok: [k8s-cp-0]
ok: [k8s-w-0]
Tuesday 25 August 2026  19:30:51 +0530 (0:00:00.258)       0:00:52.183 ******** 

TASK [kubernetes/preinstall : Check existence of /etc/resolvconf/resolv.conf.d] ***
ok: [k8s-cp-0]
ok: [k8s-w-0]
Tuesday 25 August 2026  19:30:52 +0530 (0:00:00.245)       0:00:52.428 ******** 

TASK [kubernetes/preinstall : Check status of /etc/resolv.conf] ****************
ok: [k8s-cp-0]
ok: [k8s-w-0]
Tuesday 25 August 2026  19:30:52 +0530 (0:00:00.249)       0:00:52.678 ******** 

TASK [kubernetes/preinstall : Fetch resolv.conf] *******************************
ok: [k8s-w-0]
ok: [k8s-cp-0]
Tuesday 25 August 2026  19:30:52 +0530 (0:00:00.315)       0:00:52.993 ******** 

TASK [kubernetes/preinstall : NetworkManager | Check if host has NetworkManager] ***
ok: [k8s-cp-0]
ok: [k8s-w-0]
Tuesday 25 August 2026  19:30:52 +0530 (0:00:00.269)       0:00:53.262 ******** 

TASK [kubernetes/preinstall : Check systemd-resolved] **************************
ok: [k8s-cp-0]
ok: [k8s-w-0]
Tuesday 25 August 2026  19:30:53 +0530 (0:00:00.265)       0:00:53.528 ******** 

TASK [kubernetes/preinstall : Set default dns if remove_default_searchdomains is false] ***
ok: [k8s-cp-0]
ok: [k8s-w-0]
Tuesday 25 August 2026  19:30:53 +0530 (0:00:00.052)       0:00:53.580 ******** 

TASK [kubernetes/preinstall : Set dns facts] ***********************************
ok: [k8s-cp-0]
ok: [k8s-w-0]
Tuesday 25 August 2026  19:30:53 +0530 (0:00:00.049)       0:00:53.629 ******** 

TASK [kubernetes/preinstall : Check if kubelet is configured] ******************
ok: [k8s-cp-0]
ok: [k8s-w-0]
Tuesday 25 August 2026  19:30:53 +0530 (0:00:00.248)       0:00:53.878 ******** 

TASK [kubernetes/preinstall : Check if early DNS configuration stage] **********
ok: [k8s-cp-0]
ok: [k8s-w-0]
Tuesday 25 August 2026  19:30:53 +0530 (0:00:00.052)       0:00:53.930 ******** 

TASK [kubernetes/preinstall : Target resolv.conf files] ************************
ok: [k8s-cp-0]
ok: [k8s-w-0]
Tuesday 25 August 2026  19:30:53 +0530 (0:00:00.047)       0:00:53.978 ******** 
Tuesday 25 August 2026  19:30:53 +0530 (0:00:00.027)       0:00:54.005 ******** 

TASK [kubernetes/preinstall : Check if /etc/dhclient.conf exists] **************
ok: [k8s-cp-0]
ok: [k8s-w-0]
Tuesday 25 August 2026  19:30:53 +0530 (0:00:00.251)       0:00:54.256 ******** 
Tuesday 25 August 2026  19:30:53 +0530 (0:00:00.029)       0:00:54.286 ******** 

TASK [kubernetes/preinstall : Check if /etc/dhcp/dhclient.conf exists] *********
ok: [k8s-cp-0]
ok: [k8s-w-0]
Tuesday 25 August 2026  19:30:54 +0530 (0:00:00.259)       0:00:54.545 ******** 
Tuesday 25 August 2026  19:30:54 +0530 (0:00:00.031)       0:00:54.577 ******** 
Tuesday 25 August 2026  19:30:54 +0530 (0:00:00.030)       0:00:54.607 ******** 

TASK [kubernetes/preinstall : Target dhclient hook file for Debian family] *****
ok: [k8s-cp-0]
ok: [k8s-w-0]
Tuesday 25 August 2026  19:30:54 +0530 (0:00:00.053)       0:00:54.661 ******** 
Tuesday 25 August 2026  19:30:54 +0530 (0:00:00.029)       0:00:54.690 ******** 

TASK [kubernetes/preinstall : Check /usr readonly] *****************************
ok: [k8s-cp-0]
ok: [k8s-w-0]
Tuesday 25 August 2026  19:30:54 +0530 (0:00:00.256)       0:00:54.946 ******** 
Tuesday 25 August 2026  19:30:54 +0530 (0:00:00.032)       0:00:54.979 ******** 
Tuesday 25 August 2026  19:30:54 +0530 (0:00:00.029)       0:00:55.009 ******** 

TASK [kubernetes/preinstall : Stop if non systemd OS type] *********************
ok: [k8s-cp-0] => {
    "changed": false,
    "msg": "All assertions passed"
}
ok: [k8s-w-0] => {
    "changed": false,
    "msg": "All assertions passed"
}
Tuesday 25 August 2026  19:30:54 +0530 (0:00:00.049)       0:00:55.058 ******** 

TASK [kubernetes/preinstall : Stop if the os does not support] *****************
ok: [k8s-cp-0] => {
    "changed": false,
    "msg": "All assertions passed"
}
ok: [k8s-w-0] => {
    "changed": false,
    "msg": "All assertions passed"
}
Tuesday 25 August 2026  19:30:54 +0530 (0:00:00.051)       0:00:55.110 ******** 

TASK [kubernetes/preinstall : Stop if memory is too small for control plane nodes] ***
ok: [k8s-cp-0] => {
    "changed": false,
    "msg": "All assertions passed"
}
Tuesday 25 August 2026  19:30:54 +0530 (0:00:00.039)       0:00:55.149 ******** 

TASK [kubernetes/preinstall : Stop if memory is too small for nodes] ***********
ok: [k8s-cp-0] => {
    "changed": false,
    "msg": "All assertions passed"
}
ok: [k8s-w-0] => {
    "changed": false,
    "msg": "All assertions passed"
}
Tuesday 25 August 2026  19:30:54 +0530 (0:00:00.050)       0:00:55.200 ******** 

TASK [kubernetes/preinstall : Stop if cgroups are not enabled on nodes] ********
ok: [k8s-cp-0]
ok: [k8s-w-0]
Tuesday 25 August 2026  19:30:55 +0530 (0:00:00.267)       0:00:55.467 ******** 

TASK [kubernetes/preinstall : Stop if ip var does not match local ips] *********
ok: [k8s-cp-0] => {
    "changed": false,
    "msg": "All assertions passed"
}
ok: [k8s-w-0] => {
    "changed": false,
    "msg": "All assertions passed"
}
Tuesday 25 August 2026  19:30:55 +0530 (0:00:00.054)       0:00:55.522 ******** 

TASK [kubernetes/preinstall : Stop if access_ip is not pingable] ***************
ok: [k8s-cp-0]
ok: [k8s-w-0]
Tuesday 25 August 2026  19:30:55 +0530 (0:00:00.294)       0:00:55.817 ******** 
Tuesday 25 August 2026  19:30:55 +0530 (0:00:00.033)       0:00:55.850 ******** 
Tuesday 25 August 2026  19:30:55 +0530 (0:00:00.030)       0:00:55.881 ******** 

TASK [kubernetes/preinstall : Stop if bad hostname] ****************************
ok: [k8s-cp-0] => {
    "changed": false,
    "msg": "All assertions passed"
}
ok: [k8s-w-0] => {
    "changed": false,
    "msg": "All assertions passed"
}
Tuesday 25 August 2026  19:30:55 +0530 (0:00:00.051)       0:00:55.932 ******** 

TASK [kubernetes/preinstall : Stop if /etc/resolv.conf has no configured nameservers] ***
ok: [k8s-cp-0] => {
    "changed": false,
    "msg": "All assertions passed"
}
ok: [k8s-w-0] => {
    "changed": false,
    "msg": "All assertions passed"
}
Tuesday 25 August 2026  19:30:55 +0530 (0:00:00.098)       0:00:56.031 ******** 
Tuesday 25 August 2026  19:30:55 +0530 (0:00:00.032)       0:00:56.063 ******** 

TASK [kubernetes/preinstall : Create kubernetes directories] *******************
changed: [k8s-cp-0] => (item=/etc/kubernetes)
changed: [k8s-w-0] => (item=/etc/kubernetes)
changed: [k8s-cp-0] => (item=/etc/kubernetes/manifests)
changed: [k8s-w-0] => (item=/etc/kubernetes/manifests)
changed: [k8s-w-0] => (item=/usr/local/bin/kubernetes-scripts)
changed: [k8s-cp-0] => (item=/usr/local/bin/kubernetes-scripts)
changed: [k8s-w-0] => (item=/usr/libexec/kubernetes/kubelet-plugins/volume/exec)
changed: [k8s-cp-0] => (item=/usr/libexec/kubernetes/kubelet-plugins/volume/exec)
Tuesday 25 August 2026  19:30:56 +0530 (0:00:01.010)       0:00:57.074 ******** 

TASK [kubernetes/preinstall : Create other directories of root owner] **********
changed: [k8s-cp-0] => (item=/etc/kubernetes/ssl)
changed: [k8s-w-0] => (item=/etc/kubernetes/ssl)
ok: [k8s-cp-0] => (item=/usr/local/bin)
ok: [k8s-w-0] => (item=/usr/local/bin)
Tuesday 25 August 2026  19:30:57 +0530 (0:00:00.545)       0:00:57.619 ******** 

TASK [kubernetes/preinstall : Check if kubernetes kubeadm compat cert dir exists] ***
ok: [k8s-cp-0]
ok: [k8s-w-0]
Tuesday 25 August 2026  19:30:57 +0530 (0:00:00.284)       0:00:57.904 ******** 

TASK [kubernetes/preinstall : Create kubernetes kubeadm compat cert dir (kubernetes/kubeadm issue 1498)] ***
changed: [k8s-cp-0]
changed: [k8s-w-0]
Tuesday 25 August 2026  19:30:57 +0530 (0:00:00.305)       0:00:58.209 ******** 

TASK [kubernetes/preinstall : Create cni directories] **************************
changed: [k8s-cp-0] => (item=/etc/cni/net.d)
changed: [k8s-w-0] => (item=/etc/cni/net.d)
changed: [k8s-cp-0] => (item=/opt/cni/bin)
changed: [k8s-w-0] => (item=/opt/cni/bin)
Tuesday 25 August 2026  19:30:58 +0530 (0:00:00.546)       0:00:58.756 ******** 

TASK [kubernetes/preinstall : Create calico cni directories] *******************
changed: [k8s-cp-0] => (item=/var/lib/calico)
changed: [k8s-w-0] => (item=/var/lib/calico)
Tuesday 25 August 2026  19:30:58 +0530 (0:00:00.326)       0:00:59.082 ******** 
Tuesday 25 August 2026  19:30:58 +0530 (0:00:00.056)       0:00:59.138 ******** 
Tuesday 25 August 2026  19:30:58 +0530 (0:00:00.041)       0:00:59.180 ******** 
Tuesday 25 August 2026  19:30:58 +0530 (0:00:00.036)       0:00:59.217 ******** 
Tuesday 25 August 2026  19:30:58 +0530 (0:00:00.062)       0:00:59.279 ******** 
Tuesday 25 August 2026  19:30:58 +0530 (0:00:00.060)       0:00:59.339 ******** 
Tuesday 25 August 2026  19:30:58 +0530 (0:00:00.033)       0:00:59.373 ******** 
Tuesday 25 August 2026  19:30:59 +0530 (0:00:00.037)       0:00:59.411 ******** 

TASK [kubernetes/preinstall : Create systemd-resolved drop-in directory] *******
changed: [k8s-cp-0]
changed: [k8s-w-0]
Tuesday 25 August 2026  19:30:59 +0530 (0:00:00.299)       0:00:59.711 ******** 

TASK [kubernetes/preinstall : Write Kubespray DNS settings to systemd-resolved] ***
changed: [k8s-w-0]
changed: [k8s-cp-0]
Tuesday 25 August 2026  19:31:00 +0530 (0:00:00.780)       0:01:00.491 ******** 

TASK [kubernetes/preinstall : NetworkManager | Ensure NetworkManager conf.d dir] ***
ok: [k8s-cp-0]
ok: [k8s-w-0]
Tuesday 25 August 2026  19:31:00 +0530 (0:00:00.295)       0:01:00.787 ******** 

TASK [kubernetes/preinstall : NetworkManager | Prevent NetworkManager from managing Calico interfaces (cali*/tunl*/vxlan.calico)] ***
changed: [k8s-cp-0]
changed: [k8s-w-0]
Tuesday 25 August 2026  19:31:01 +0530 (0:00:00.622)       0:01:01.409 ******** 

TASK [kubernetes/preinstall : NetworkManager | Prevent NetworkManager from managing K8S interfaces (kube-ipvs0/nodelocaldns)] ***
changed: [k8s-cp-0]
changed: [k8s-w-0]
Tuesday 25 August 2026  19:31:01 +0530 (0:00:00.619)       0:01:02.028 ******** 
Tuesday 25 August 2026  19:31:01 +0530 (0:00:00.103)       0:01:02.132 ******** 

TASK [kubernetes/preinstall : Set default dns if remove_default_searchdomains is false] ***
ok: [k8s-cp-0]
ok: [k8s-w-0]
Tuesday 25 August 2026  19:31:01 +0530 (0:00:00.055)       0:01:02.187 ******** 

TASK [kubernetes/preinstall : NetworkManager | Add DNS search to NM configuration] ***
changed: [k8s-cp-0]
changed: [k8s-w-0]
Tuesday 25 August 2026  19:31:02 +0530 (0:00:00.313)       0:01:02.501 ******** 

TASK [kubernetes/preinstall : NetworkManager | Add DNS options to NM configuration] ***
changed: [k8s-cp-0]
changed: [k8s-w-0]
Tuesday 25 August 2026  19:31:02 +0530 (0:00:00.283)       0:01:02.784 ******** 
Tuesday 25 August 2026  19:31:02 +0530 (0:00:00.034)       0:01:02.819 ******** 
Tuesday 25 August 2026  19:31:02 +0530 (0:00:00.033)       0:01:02.852 ******** 
Tuesday 25 August 2026  19:31:02 +0530 (0:00:00.033)       0:01:02.886 ******** 

TASK [kubernetes/preinstall : Clean previously used sysctl file locations] *****
ok: [k8s-cp-0] => (item=ipv4-ip_forward.conf)
ok: [k8s-w-0] => (item=ipv4-ip_forward.conf)
ok: [k8s-cp-0] => (item=bridge-nf-call.conf)
ok: [k8s-w-0] => (item=bridge-nf-call.conf)
Tuesday 25 August 2026  19:31:02 +0530 (0:00:00.492)       0:01:03.378 ******** 

TASK [kubernetes/preinstall : Stat sysctl file configuration] ******************
ok: [k8s-cp-0]
ok: [k8s-w-0]
Tuesday 25 August 2026  19:31:03 +0530 (0:00:00.259)       0:01:03.637 ******** 
Tuesday 25 August 2026  19:31:03 +0530 (0:00:00.041)       0:01:03.679 ******** 

TASK [kubernetes/preinstall : Make sure sysctl file path folder exists] ********
ok: [k8s-cp-0]
ok: [k8s-w-0]
Tuesday 25 August 2026  19:31:03 +0530 (0:00:00.275)       0:01:03.955 ******** 

TASK [kubernetes/preinstall : Enable ip forwarding] ****************************
changed: [k8s-w-0]
changed: [k8s-cp-0]
Tuesday 25 August 2026  19:31:03 +0530 (0:00:00.332)       0:01:04.287 ******** 
Tuesday 25 August 2026  19:31:03 +0530 (0:00:00.040)       0:01:04.328 ******** 

TASK [kubernetes/preinstall : Check if we need to set fs.may_detach_mounts] ****
ok: [k8s-cp-0]
ok: [k8s-w-0]
Tuesday 25 August 2026  19:31:04 +0530 (0:00:00.256)       0:01:04.584 ******** 
Tuesday 25 August 2026  19:31:04 +0530 (0:00:00.042)       0:01:04.627 ******** 

TASK [kubernetes/preinstall : Ensure kubelet expected parameters are set] ******
changed: [k8s-w-0] => (item={'name': 'kernel.keys.root_maxbytes', 'value': 25000000})
changed: [k8s-cp-0] => (item={'name': 'kernel.keys.root_maxbytes', 'value': 25000000})
changed: [k8s-w-0] => (item={'name': 'kernel.keys.root_maxkeys', 'value': 1000000})
changed: [k8s-cp-0] => (item={'name': 'kernel.keys.root_maxkeys', 'value': 1000000})
changed: [k8s-cp-0] => (item={'name': 'kernel.panic', 'value': 10})
changed: [k8s-w-0] => (item={'name': 'kernel.panic', 'value': 10})
changed: [k8s-cp-0] => (item={'name': 'kernel.panic_on_oops', 'value': 1})
changed: [k8s-w-0] => (item={'name': 'kernel.panic_on_oops', 'value': 1})
changed: [k8s-w-0] => (item={'name': 'vm.overcommit_memory', 'value': 1})
changed: [k8s-cp-0] => (item={'name': 'vm.overcommit_memory', 'value': 1})
changed: [k8s-w-0] => (item={'name': 'vm.panic_on_oom', 'value': 0})
changed: [k8s-cp-0] => (item={'name': 'vm.panic_on_oom', 'value': 0})
Tuesday 25 August 2026  19:31:05 +0530 (0:00:01.530)       0:01:06.158 ******** 

TASK [kubernetes/preinstall : Read current sysctl values] **********************
ok: [k8s-cp-0] => (item={'key': 'fs.inotify.max_user_instances', 'value': 8192})
ok: [k8s-w-0] => (item={'key': 'fs.inotify.max_user_instances', 'value': 8192})
Tuesday 25 August 2026  19:31:06 +0530 (0:00:00.297)       0:01:06.455 ******** 
Tuesday 25 August 2026  19:31:06 +0530 (0:00:00.047)       0:01:06.503 ******** 

TASK [kubernetes/preinstall : Check dummy module] ******************************
changed: [k8s-cp-0]
changed: [k8s-w-0]
Tuesday 25 August 2026  19:31:06 +0530 (0:00:00.354)       0:01:06.857 ******** 
Tuesday 25 August 2026  19:31:06 +0530 (0:00:00.032)       0:01:06.890 ******** 

TASK [kubernetes/preinstall : Disable fapolicyd service] ***********************
ok: [k8s-cp-0]
ok: [k8s-w-0]
Tuesday 25 August 2026  19:31:06 +0530 (0:00:00.472)       0:01:07.362 ******** 
Tuesday 25 August 2026  19:31:07 +0530 (0:00:00.035)       0:01:07.398 ******** 
Tuesday 25 August 2026  19:31:07 +0530 (0:00:00.034)       0:01:07.433 ******** 
Tuesday 25 August 2026  19:31:07 +0530 (0:00:00.040)       0:01:07.473 ******** 
Tuesday 25 August 2026  19:31:07 +0530 (0:00:00.032)       0:01:07.505 ******** 
Tuesday 25 August 2026  19:31:07 +0530 (0:00:00.032)       0:01:07.537 ******** 
Tuesday 25 August 2026  19:31:07 +0530 (0:00:00.030)       0:01:07.568 ******** 
Tuesday 25 August 2026  19:31:07 +0530 (0:00:00.030)       0:01:07.598 ******** 
Tuesday 25 August 2026  19:31:07 +0530 (0:00:00.030)       0:01:07.629 ******** 
Tuesday 25 August 2026  19:31:07 +0530 (0:00:00.029)       0:01:07.659 ******** 
Tuesday 25 August 2026  19:31:07 +0530 (0:00:00.030)       0:01:07.689 ******** 
Tuesday 25 August 2026  19:31:07 +0530 (0:00:00.029)       0:01:07.719 ******** 
Tuesday 25 August 2026  19:31:07 +0530 (0:00:00.036)       0:01:07.756 ******** 
Tuesday 25 August 2026  19:31:07 +0530 (0:00:00.037)       0:01:07.793 ******** 
Tuesday 25 August 2026  19:31:07 +0530 (0:00:00.036)       0:01:07.830 ******** 
Tuesday 25 August 2026  19:31:07 +0530 (0:00:00.032)       0:01:07.862 ******** 
Tuesday 25 August 2026  19:31:07 +0530 (0:00:00.030)       0:01:07.893 ******** 
Tuesday 25 August 2026  19:31:07 +0530 (0:00:00.002)       0:01:07.896 ******** 
Tuesday 25 August 2026  19:31:07 +0530 (0:00:00.002)       0:01:07.898 ******** 

RUNNING HANDLER [kubernetes/preinstall : Preinstall | reload NetworkManager] ***
changed: [k8s-w-0]
changed: [k8s-cp-0]
Tuesday 25 August 2026  19:31:08 +0530 (0:00:00.966)       0:01:08.865 ******** 
Tuesday 25 August 2026  19:31:08 +0530 (0:00:00.059)       0:01:08.924 ******** 

RUNNING HANDLER [kubernetes/preinstall : Preinstall | Restart systemd-resolved] ***
changed: [k8s-w-0]
changed: [k8s-cp-0]
Tuesday 25 August 2026  19:31:09 +0530 (0:00:01.019)       0:01:09.944 ******** 

TASK [kubernetes/preinstall : Check if we are running inside a Azure VM] *******
ok: [k8s-cp-0]
ok: [k8s-w-0]
Tuesday 25 August 2026  19:31:09 +0530 (0:00:00.316)       0:01:10.260 ******** 

TASK [Run calico checks] *******************************************************
included: network_plugin/calico for k8s-cp-0, k8s-w-0
Tuesday 25 August 2026  19:31:10 +0530 (0:00:00.160)       0:01:10.420 ******** 

TASK [network_plugin/calico : Stop if legacy encapsulation variables are detected (ipip)] ***
ok: [k8s-cp-0] => {
    "changed": false,
    "msg": "All assertions passed"
}
Tuesday 25 August 2026  19:31:10 +0530 (0:00:00.043)       0:01:10.463 ******** 

TASK [network_plugin/calico : Stop if legacy encapsulation variables are detected (ipip_mode)] ***
ok: [k8s-cp-0] => {
    "changed": false,
    "msg": "All assertions passed"
}
Tuesday 25 August 2026  19:31:10 +0530 (0:00:00.041)       0:01:10.505 ******** 

TASK [network_plugin/calico : Stop if legacy encapsulation variables are detected (calcio_ipam_autoallocateblocks)] ***
ok: [k8s-cp-0] => {
    "changed": false,
    "msg": "All assertions passed"
}
Tuesday 25 August 2026  19:31:10 +0530 (0:00:00.040)       0:01:10.546 ******** 

TASK [network_plugin/calico : Stop if supported Calico versions] ***************
ok: [k8s-cp-0] => {
    "changed": false,
    "msg": "All assertions passed"
}
Tuesday 25 August 2026  19:31:10 +0530 (0:00:00.042)       0:01:10.589 ******** 

TASK [network_plugin/calico : Check if calicoctl.sh exists] ********************
ok: [k8s-cp-0]
Tuesday 25 August 2026  19:31:10 +0530 (0:00:00.226)       0:01:10.815 ******** 
Tuesday 25 August 2026  19:31:10 +0530 (0:00:00.026)       0:01:10.842 ******** 
Tuesday 25 August 2026  19:31:10 +0530 (0:00:00.024)       0:01:10.867 ******** 
Tuesday 25 August 2026  19:31:10 +0530 (0:00:00.025)       0:01:10.893 ******** 
Tuesday 25 August 2026  19:31:10 +0530 (0:00:00.031)       0:01:10.924 ******** 
Tuesday 25 August 2026  19:31:10 +0530 (0:00:00.026)       0:01:10.951 ******** 

TASK [network_plugin/calico : Check vars defined correctly] ********************
ok: [k8s-cp-0] => {
    "changed": false,
    "msg": "All assertions passed"
}
Tuesday 25 August 2026  19:31:10 +0530 (0:00:00.043)       0:01:10.994 ******** 

TASK [network_plugin/calico : Check calico network backend defined correctly] ***
ok: [k8s-cp-0] => {
    "changed": false,
    "msg": "All assertions passed"
}
Tuesday 25 August 2026  19:31:10 +0530 (0:00:00.041)       0:01:11.036 ******** 

TASK [network_plugin/calico : Check ipip and vxlan mode defined correctly] *****
ok: [k8s-cp-0] => {
    "changed": false,
    "msg": "All assertions passed"
}
Tuesday 25 August 2026  19:31:10 +0530 (0:00:00.045)       0:01:11.081 ******** 
Tuesday 25 August 2026  19:31:10 +0530 (0:00:00.027)       0:01:11.109 ******** 

TASK [network_plugin/calico : Check ipip and vxlan mode if simultaneously enabled] ***
ok: [k8s-cp-0] => {
    "changed": false,
    "msg": "All assertions passed"
}
Tuesday 25 August 2026  19:31:10 +0530 (0:00:00.044)       0:01:11.153 ******** 

TASK [network_plugin/calico : Get Calico default-pool configuration] ***********
ok: [k8s-cp-0]
Tuesday 25 August 2026  19:31:10 +0530 (0:00:00.229)       0:01:11.382 ******** 
Tuesday 25 August 2026  19:31:11 +0530 (0:00:00.036)       0:01:11.418 ******** 
Tuesday 25 August 2026  19:31:11 +0530 (0:00:00.036)       0:01:11.454 ******** 
Tuesday 25 August 2026  19:31:11 +0530 (0:00:00.031)       0:01:11.486 ******** 
Tuesday 25 August 2026  19:31:11 +0530 (0:00:00.032)       0:01:11.518 ******** 
Tuesday 25 August 2026  19:31:11 +0530 (0:00:00.030)       0:01:11.549 ******** 
Tuesday 25 August 2026  19:31:11 +0530 (0:00:00.023)       0:01:11.572 ******** 
Tuesday 25 August 2026  19:31:11 +0530 (0:00:00.023)       0:01:11.596 ******** 
Tuesday 25 August 2026  19:31:11 +0530 (0:00:00.037)       0:01:11.633 ******** 

TASK [container-engine/validate-container-engine : Validate-container-engine | check if fedora coreos] ***
ok: [k8s-cp-0]
ok: [k8s-w-0]
Tuesday 25 August 2026  19:31:11 +0530 (0:00:00.271)       0:01:11.905 ******** 

TASK [container-engine/validate-container-engine : Validate-container-engine | set is_ostree] ***
ok: [k8s-cp-0]
ok: [k8s-w-0]
Tuesday 25 August 2026  19:31:11 +0530 (0:00:00.056)       0:01:11.961 ******** 

TASK [container-engine/validate-container-engine : Ensure kubelet systemd unit exists] ***
ok: [k8s-cp-0]
ok: [k8s-w-0]
Tuesday 25 August 2026  19:31:11 +0530 (0:00:00.292)       0:01:12.253 ******** 

TASK [container-engine/validate-container-engine : Populate service facts] *****
ok: [k8s-w-0]
ok: [k8s-cp-0]
Tuesday 25 August 2026  19:31:18 +0530 (0:00:06.608)       0:01:18.862 ******** 

TASK [container-engine/validate-container-engine : Check if containerd is installed] ***
ok: [k8s-w-0]
ok: [k8s-cp-0]
Tuesday 25 August 2026  19:31:18 +0530 (0:00:00.420)       0:01:19.282 ******** 

TASK [container-engine/validate-container-engine : Check if docker is installed] ***
ok: [k8s-cp-0]
ok: [k8s-w-0]
Tuesday 25 August 2026  19:31:19 +0530 (0:00:00.347)       0:01:19.629 ******** 

TASK [container-engine/validate-container-engine : Check if crio is installed] ***
ok: [k8s-cp-0]
ok: [k8s-w-0]
Tuesday 25 August 2026  19:31:19 +0530 (0:00:00.327)       0:01:19.957 ******** 
Tuesday 25 August 2026  19:31:19 +0530 (0:00:00.051)       0:01:20.009 ******** 
Tuesday 25 August 2026  19:31:19 +0530 (0:00:00.048)       0:01:20.057 ******** 
Tuesday 25 August 2026  19:31:19 +0530 (0:00:00.045)       0:01:20.103 ******** 
Tuesday 25 August 2026  19:31:19 +0530 (0:00:00.044)       0:01:20.148 ******** 
Tuesday 25 August 2026  19:31:19 +0530 (0:00:00.072)       0:01:20.221 ******** 
Tuesday 25 August 2026  19:31:19 +0530 (0:00:00.047)       0:01:20.268 ******** 
Tuesday 25 August 2026  19:31:19 +0530 (0:00:00.047)       0:01:20.316 ******** 
Tuesday 25 August 2026  19:31:19 +0530 (0:00:00.044)       0:01:20.361 ******** 
Tuesday 25 August 2026  19:31:20 +0530 (0:00:00.047)       0:01:20.408 ******** 
Tuesday 25 August 2026  19:31:20 +0530 (0:00:00.046)       0:01:20.454 ******** 
Tuesday 25 August 2026  19:31:20 +0530 (0:00:00.058)       0:01:20.513 ******** 
Tuesday 25 August 2026  19:31:20 +0530 (0:00:00.049)       0:01:20.562 ******** 
Tuesday 25 August 2026  19:31:20 +0530 (0:00:00.046)       0:01:20.609 ******** 
Tuesday 25 August 2026  19:31:20 +0530 (0:00:00.058)       0:01:20.668 ******** 
Tuesday 25 August 2026  19:31:20 +0530 (0:00:00.046)       0:01:20.714 ******** 
Tuesday 25 August 2026  19:31:20 +0530 (0:00:00.047)       0:01:20.761 ******** 
Tuesday 25 August 2026  19:31:20 +0530 (0:00:00.044)       0:01:20.806 ******** 
Tuesday 25 August 2026  19:31:20 +0530 (0:00:00.063)       0:01:20.869 ******** 
Tuesday 25 August 2026  19:31:20 +0530 (0:00:00.047)       0:01:20.917 ******** 
Tuesday 25 August 2026  19:31:20 +0530 (0:00:00.087)       0:01:21.004 ******** 
Tuesday 25 August 2026  19:31:20 +0530 (0:00:00.048)       0:01:21.053 ******** 
Tuesday 25 August 2026  19:31:20 +0530 (0:00:00.049)       0:01:21.102 ******** 
Tuesday 25 August 2026  19:31:20 +0530 (0:00:00.050)       0:01:21.152 ******** 
Tuesday 25 August 2026  19:31:20 +0530 (0:00:00.050)       0:01:21.203 ******** 
Tuesday 25 August 2026  19:31:20 +0530 (0:00:00.088)       0:01:21.291 ******** 
Tuesday 25 August 2026  19:31:20 +0530 (0:00:00.051)       0:01:21.342 ******** 
Tuesday 25 August 2026  19:31:21 +0530 (0:00:00.060)       0:01:21.403 ******** 
Tuesday 25 August 2026  19:31:21 +0530 (0:00:00.056)       0:01:21.459 ******** 
Tuesday 25 August 2026  19:31:21 +0530 (0:00:00.057)       0:01:21.517 ******** 
Tuesday 25 August 2026  19:31:21 +0530 (0:00:00.071)       0:01:21.588 ******** 
Tuesday 25 August 2026  19:31:21 +0530 (0:00:00.065)       0:01:21.653 ******** 
Tuesday 25 August 2026  19:31:21 +0530 (0:00:00.058)       0:01:21.712 ******** 
Tuesday 25 August 2026  19:31:21 +0530 (0:00:00.061)       0:01:21.773 ******** 
Tuesday 25 August 2026  19:31:21 +0530 (0:00:00.051)       0:01:21.825 ******** 
Tuesday 25 August 2026  19:31:21 +0530 (0:00:00.055)       0:01:21.880 ******** 
Tuesday 25 August 2026  19:31:21 +0530 (0:00:00.097)       0:01:21.977 ******** 
Tuesday 25 August 2026  19:31:21 +0530 (0:00:00.063)       0:01:22.041 ******** 
Tuesday 25 August 2026  19:31:21 +0530 (0:00:00.051)       0:01:22.092 ******** 
Tuesday 25 August 2026  19:31:21 +0530 (0:00:00.048)       0:01:22.140 ******** 
Tuesday 25 August 2026  19:31:21 +0530 (0:00:00.048)       0:01:22.189 ******** 
Tuesday 25 August 2026  19:31:21 +0530 (0:00:00.050)       0:01:22.240 ******** 
Tuesday 25 August 2026  19:31:21 +0530 (0:00:00.066)       0:01:22.307 ******** 
Tuesday 25 August 2026  19:31:21 +0530 (0:00:00.049)       0:01:22.356 ******** 
Tuesday 25 August 2026  19:31:22 +0530 (0:00:00.049)       0:01:22.406 ******** 
Tuesday 25 August 2026  19:31:22 +0530 (0:00:00.048)       0:01:22.454 ******** 
Tuesday 25 August 2026  19:31:22 +0530 (0:00:00.048)       0:01:22.502 ******** 
Tuesday 25 August 2026  19:31:22 +0530 (0:00:00.157)       0:01:22.660 ******** 
Tuesday 25 August 2026  19:31:22 +0530 (0:00:00.049)       0:01:22.710 ******** 
Tuesday 25 August 2026  19:31:22 +0530 (0:00:00.047)       0:01:22.757 ******** 
Tuesday 25 August 2026  19:31:22 +0530 (0:00:00.045)       0:01:22.802 ******** 
Tuesday 25 August 2026  19:31:22 +0530 (0:00:00.048)       0:01:22.851 ******** 
Tuesday 25 August 2026  19:31:22 +0530 (0:00:00.050)       0:01:22.902 ******** 
Tuesday 25 August 2026  19:31:22 +0530 (0:00:00.053)       0:01:22.955 ******** 
Tuesday 25 August 2026  19:31:22 +0530 (0:00:00.051)       0:01:23.006 ******** 
Tuesday 25 August 2026  19:31:22 +0530 (0:00:00.048)       0:01:23.055 ******** 
Tuesday 25 August 2026  19:31:22 +0530 (0:00:00.059)       0:01:23.114 ******** 
Tuesday 25 August 2026  19:31:22 +0530 (0:00:00.048)       0:01:23.163 ******** 
Tuesday 25 August 2026  19:31:22 +0530 (0:00:00.066)       0:01:23.230 ******** 
Tuesday 25 August 2026  19:31:22 +0530 (0:00:00.052)       0:01:23.283 ******** 
Tuesday 25 August 2026  19:31:22 +0530 (0:00:00.071)       0:01:23.354 ******** 
Tuesday 25 August 2026  19:31:23 +0530 (0:00:00.061)       0:01:23.416 ******** 

TASK [Container Manager] *******************************************************
included: container-engine/containerd for k8s-cp-0, k8s-w-0
Tuesday 25 August 2026  19:31:23 +0530 (0:00:00.216)       0:01:23.633 ******** 

TASK [container-engine/containerd-common : Containerd-common | check if fedora coreos] ***
ok: [k8s-cp-0]
ok: [k8s-w-0]
Tuesday 25 August 2026  19:31:23 +0530 (0:00:00.272)       0:01:23.905 ******** 

TASK [container-engine/containerd-common : Containerd-common | set is_ostree] ***
ok: [k8s-cp-0]
ok: [k8s-w-0]
Tuesday 25 August 2026  19:31:23 +0530 (0:00:00.073)       0:01:23.979 ******** 
Tuesday 25 August 2026  19:31:23 +0530 (0:00:00.078)       0:01:24.057 ******** 

TASK [container-engine/runc : Runc | check if fedora coreos] *******************
ok: [k8s-cp-0]
ok: [k8s-w-0]
Tuesday 25 August 2026  19:31:23 +0530 (0:00:00.296)       0:01:24.354 ******** 

TASK [container-engine/runc : Runc | set is_ostree] ****************************
ok: [k8s-cp-0]
ok: [k8s-w-0]
Tuesday 25 August 2026  19:31:24 +0530 (0:00:00.072)       0:01:24.426 ******** 

TASK [container-engine/runc : Runc | Remove package] ***************************
ok: [k8s-cp-0]
ok: [k8s-w-0]
Tuesday 25 August 2026  19:31:24 +0530 (0:00:00.734)       0:01:25.160 ******** 

TASK [container-engine/runc : Runc | Remove orphaned binary] *******************
ok: [k8s-cp-0]
ok: [k8s-w-0]
Tuesday 25 August 2026  19:31:25 +0530 (0:00:00.312)       0:01:25.472 ******** 

TASK [container-engine/runc : Runc | Download runc binary] *********************
included: ~/kubespray/roles/container-engine/runc/tasks/../../../download/tasks/download_file.yml for k8s-cp-0, k8s-w-0
Tuesday 25 August 2026  19:31:25 +0530 (0:00:00.103)       0:01:25.576 ******** 

TASK [container-engine/runc : Prep_download | Set a few facts] *****************
ok: [k8s-cp-0]
ok: [k8s-w-0]
Tuesday 25 August 2026  19:31:25 +0530 (0:00:00.533)       0:01:26.109 ******** 
Tuesday 25 August 2026  19:31:25 +0530 (0:00:00.062)       0:01:26.171 ******** 

TASK [container-engine/runc : Download_file | Set pathname of cached file] *****
ok: [k8s-cp-0]
ok: [k8s-w-0]
Tuesday 25 August 2026  19:31:26 +0530 (0:00:00.984)       0:01:27.156 ******** 

TASK [container-engine/runc : Download_file | Create dest directory on node] ***
changed: [k8s-cp-0]
changed: [k8s-w-0]
Tuesday 25 August 2026  19:31:28 +0530 (0:00:01.636)       0:01:28.793 ******** 
Tuesday 25 August 2026  19:31:28 +0530 (0:00:00.037)       0:01:28.830 ******** 
Tuesday 25 August 2026  19:31:28 +0530 (0:00:00.046)       0:01:28.877 ******** 

TASK [container-engine/runc : Download_file | Download item] *******************
changed: [k8s-w-0]
changed: [k8s-cp-0]
Tuesday 25 August 2026  19:31:41 +0530 (0:00:12.611)       0:01:41.488 ******** 
Tuesday 25 August 2026  19:31:41 +0530 (0:00:00.046)       0:01:41.535 ******** 
Tuesday 25 August 2026  19:31:41 +0530 (0:00:00.043)       0:01:41.578 ******** 
Tuesday 25 August 2026  19:31:41 +0530 (0:00:00.041)       0:01:41.620 ******** 

TASK [container-engine/runc : Download_file | Extract file archives] ***********
included: ~/kubespray/roles/download/tasks/extract_file.yml for k8s-cp-0, k8s-w-0
Tuesday 25 August 2026  19:31:41 +0530 (0:00:00.074)       0:01:41.694 ******** 
Tuesday 25 August 2026  19:31:41 +0530 (0:00:00.507)       0:01:42.202 ******** 

TASK [container-engine/runc : Copy runc binary from download dir] **************
changed: [k8s-cp-0]
changed: [k8s-w-0]
Tuesday 25 August 2026  19:31:42 +0530 (0:00:00.918)       0:01:43.120 ******** 

TASK [container-engine/crictl : Crictl | Download crictl] **********************
included: ~/kubespray/roles/container-engine/crictl/tasks/../../../download/tasks/download_file.yml for k8s-cp-0, k8s-w-0
Tuesday 25 August 2026  19:31:42 +0530 (0:00:00.074)       0:01:43.195 ******** 

TASK [container-engine/crictl : Prep_download | Set a few facts] ***************
ok: [k8s-cp-0]
ok: [k8s-w-0]
Tuesday 25 August 2026  19:31:43 +0530 (0:00:00.585)       0:01:43.781 ******** 
Tuesday 25 August 2026  19:31:43 +0530 (0:00:00.061)       0:01:43.842 ******** 

TASK [container-engine/crictl : Download_file | Set pathname of cached file] ***
ok: [k8s-cp-0]
ok: [k8s-w-0]
Tuesday 25 August 2026  19:31:44 +0530 (0:00:01.122)       0:01:44.965 ******** 

TASK [container-engine/crictl : Download_file | Create dest directory on node] ***
ok: [k8s-cp-0]
ok: [k8s-w-0]
Tuesday 25 August 2026  19:31:46 +0530 (0:00:01.683)       0:01:46.649 ******** 
Tuesday 25 August 2026  19:31:46 +0530 (0:00:00.037)       0:01:46.686 ******** 
Tuesday 25 August 2026  19:31:46 +0530 (0:00:00.046)       0:01:46.733 ******** 

TASK [container-engine/crictl : Download_file | Download item] *****************
changed: [k8s-cp-0]
changed: [k8s-w-0]
Tuesday 25 August 2026  19:32:02 +0530 (0:00:16.054)       0:02:02.787 ******** 
Tuesday 25 August 2026  19:32:02 +0530 (0:00:00.049)       0:02:02.837 ******** 
Tuesday 25 August 2026  19:32:02 +0530 (0:00:00.046)       0:02:02.883 ******** 
Tuesday 25 August 2026  19:32:02 +0530 (0:00:00.047)       0:02:02.931 ******** 

TASK [container-engine/crictl : Download_file | Extract file archives] *********
included: ~/kubespray/roles/download/tasks/extract_file.yml for k8s-cp-0, k8s-w-0
Tuesday 25 August 2026  19:32:02 +0530 (0:00:00.069)       0:02:03.000 ******** 

TASK [container-engine/crictl : Extract_file | Unpacking archive] **************
changed: [k8s-cp-0]
changed: [k8s-w-0]
Tuesday 25 August 2026  19:32:07 +0530 (0:00:04.410)       0:02:07.411 ******** 

TASK [container-engine/crictl : Install crictl config] *************************
changed: [k8s-cp-0]
changed: [k8s-w-0]
Tuesday 25 August 2026  19:32:07 +0530 (0:00:00.739)       0:02:08.150 ******** 

TASK [container-engine/crictl : Copy crictl binary from download dir] **********
changed: [k8s-cp-0]
changed: [k8s-w-0]
Tuesday 25 August 2026  19:32:08 +0530 (0:00:00.662)       0:02:08.813 ******** 

TASK [container-engine/nerdctl : Nerdctl | Download nerdctl] *******************
included: ~/kubespray/roles/container-engine/nerdctl/tasks/../../../download/tasks/download_file.yml for k8s-cp-0, k8s-w-0
Tuesday 25 August 2026  19:32:08 +0530 (0:00:00.071)       0:02:08.885 ******** 

TASK [container-engine/nerdctl : Prep_download | Set a few facts] **************
ok: [k8s-cp-0]
ok: [k8s-w-0]
Tuesday 25 August 2026  19:32:09 +0530 (0:00:00.540)       0:02:09.426 ******** 
Tuesday 25 August 2026  19:32:09 +0530 (0:00:00.064)       0:02:09.491 ******** 

TASK [container-engine/nerdctl : Download_file | Set pathname of cached file] ***
ok: [k8s-cp-0]
ok: [k8s-w-0]
Tuesday 25 August 2026  19:32:10 +0530 (0:00:01.105)       0:02:10.596 ******** 

TASK [container-engine/nerdctl : Download_file | Create dest directory on node] ***
ok: [k8s-cp-0]
ok: [k8s-w-0]
Tuesday 25 August 2026  19:32:11 +0530 (0:00:01.786)       0:02:12.383 ******** 
Tuesday 25 August 2026  19:32:12 +0530 (0:00:00.035)       0:02:12.418 ******** 
Tuesday 25 August 2026  19:32:12 +0530 (0:00:00.043)       0:02:12.462 ******** 

TASK [container-engine/nerdctl : Download_file | Download item] ****************
changed: [k8s-cp-0]
changed: [k8s-w-0]
Tuesday 25 August 2026  19:32:24 +0530 (0:00:12.032)       0:02:24.495 ******** 
Tuesday 25 August 2026  19:32:24 +0530 (0:00:00.045)       0:02:24.541 ******** 
Tuesday 25 August 2026  19:32:24 +0530 (0:00:00.046)       0:02:24.587 ******** 
Tuesday 25 August 2026  19:32:24 +0530 (0:00:00.044)       0:02:24.632 ******** 

TASK [container-engine/nerdctl : Download_file | Extract file archives] ********
included: ~/kubespray/roles/download/tasks/extract_file.yml for k8s-cp-0, k8s-w-0
Tuesday 25 August 2026  19:32:24 +0530 (0:00:00.066)       0:02:24.698 ******** 

TASK [container-engine/nerdctl : Extract_file | Unpacking archive] *************
changed: [k8s-cp-0]
changed: [k8s-w-0]
Tuesday 25 August 2026  19:32:28 +0530 (0:00:03.840)       0:02:28.539 ******** 

TASK [container-engine/nerdctl : Nerdctl | Copy nerdctl binary from download dir] ***
changed: [k8s-cp-0]
changed: [k8s-w-0]
Tuesday 25 August 2026  19:32:28 +0530 (0:00:00.592)       0:02:29.132 ******** 

TASK [container-engine/nerdctl : Nerdctl | Create configuration dir] ***********
changed: [k8s-cp-0]
changed: [k8s-w-0]
Tuesday 25 August 2026  19:32:29 +0530 (0:00:00.310)       0:02:29.442 ******** 

TASK [container-engine/nerdctl : Nerdctl | Install nerdctl configuration] ******
changed: [k8s-cp-0]
changed: [k8s-w-0]
Tuesday 25 August 2026  19:32:29 +0530 (0:00:00.748)       0:02:30.191 ******** 

TASK [container-engine/containerd : Containerd | Download containerd] **********
included: ~/kubespray/roles/container-engine/containerd/tasks/../../../download/tasks/download_file.yml for k8s-cp-0, k8s-w-0
Tuesday 25 August 2026  19:32:29 +0530 (0:00:00.084)       0:02:30.276 ******** 

TASK [container-engine/containerd : Prep_download | Set a few facts] ***********
ok: [k8s-cp-0]
ok: [k8s-w-0]
Tuesday 25 August 2026  19:32:30 +0530 (0:00:00.508)       0:02:30.785 ******** 
Tuesday 25 August 2026  19:32:30 +0530 (0:00:00.052)       0:02:30.838 ******** 

TASK [container-engine/containerd : Download_file | Set pathname of cached file] ***
ok: [k8s-cp-0]
ok: [k8s-w-0]
Tuesday 25 August 2026  19:32:31 +0530 (0:00:00.898)       0:02:31.737 ******** 

TASK [container-engine/containerd : Download_file | Create dest directory on node] ***
ok: [k8s-cp-0]
ok: [k8s-w-0]
Tuesday 25 August 2026  19:32:32 +0530 (0:00:01.591)       0:02:33.328 ******** 
Tuesday 25 August 2026  19:32:32 +0530 (0:00:00.039)       0:02:33.368 ******** 
Tuesday 25 August 2026  19:32:33 +0530 (0:00:00.046)       0:02:33.415 ******** 

TASK [container-engine/containerd : Download_file | Download item] *************
changed: [k8s-cp-0]
changed: [k8s-w-0]
Tuesday 25 August 2026  19:32:56 +0530 (0:00:23.930)       0:02:57.346 ******** 
Tuesday 25 August 2026  19:32:57 +0530 (0:00:00.061)       0:02:57.408 ******** 
Tuesday 25 August 2026  19:32:57 +0530 (0:00:00.060)       0:02:57.468 ******** 
Tuesday 25 August 2026  19:32:57 +0530 (0:00:00.057)       0:02:57.525 ******** 

TASK [container-engine/containerd : Download_file | Extract file archives] *****
included: ~/kubespray/roles/download/tasks/extract_file.yml for k8s-cp-0, k8s-w-0
Tuesday 25 August 2026  19:32:57 +0530 (0:00:00.079)       0:02:57.605 ******** 
Tuesday 25 August 2026  19:32:57 +0530 (0:00:00.604)       0:02:58.209 ******** 

TASK [container-engine/containerd : Containerd | Unpack containerd archive] ****
changed: [k8s-cp-0]
changed: [k8s-w-0]
Tuesday 25 August 2026  19:33:01 +0530 (0:00:03.618)       0:03:01.828 ******** 

TASK [container-engine/containerd : Containerd | Generate systemd service for containerd] ***
changed: [k8s-cp-0]
changed: [k8s-w-0]
Tuesday 25 August 2026  19:33:02 +0530 (0:00:00.825)       0:03:02.654 ******** 

TASK [container-engine/containerd : Containerd | Ensure containerd directories exist] ***
changed: [k8s-cp-0] => (item=/etc/systemd/system/containerd.service.d)
changed: [k8s-w-0] => (item=/etc/systemd/system/containerd.service.d)
changed: [k8s-cp-0] => (item=/etc/containerd)
changed: [k8s-w-0] => (item=/etc/containerd)
Tuesday 25 August 2026  19:33:02 +0530 (0:00:00.639)       0:03:03.294 ******** 
Tuesday 25 August 2026  19:33:02 +0530 (0:00:00.062)       0:03:03.356 ******** 

TASK [container-engine/containerd : Containerd | Generate default base_runtime_spec] ***
ok: [k8s-cp-0]
ok: [k8s-w-0]
Tuesday 25 August 2026  19:33:03 +0530 (0:00:00.308)       0:03:03.665 ******** 

TASK [container-engine/containerd : Containerd | Store generated default base_runtime_spec] ***
ok: [k8s-cp-0]
ok: [k8s-w-0]
Tuesday 25 August 2026  19:33:03 +0530 (0:00:00.077)       0:03:03.742 ******** 

TASK [container-engine/containerd : Containerd | Write base_runtime_specs] *****
changed: [k8s-cp-0] => (item={'key': 'cri-base.json', 'value': {'ociVersion': '1.3.0', 'process': {'user': {'uid': 0, 'gid': 0}, 'cwd': '/', 'capabilities': {'bounding': ['CAP_CHOWN', 'CAP_DAC_OVERRIDE', 'CAP_FSETID', 'CAP_FOWNER', 'CAP_MKNOD', 'CAP_NET_RAW', 'CAP_SETGID', 'CAP_SETUID', 'CAP_SETFCAP', 'CAP_SETPCAP', 'CAP_NET_BIND_SERVICE', 'CAP_SYS_CHROOT', 'CAP_KILL', 'CAP_AUDIT_WRITE'], 'effective': ['CAP_CHOWN', 'CAP_DAC_OVERRIDE', 'CAP_FSETID', 'CAP_FOWNER', 'CAP_MKNOD', 'CAP_NET_RAW', 'CAP_SETGID', 'CAP_SETUID', 'CAP_SETFCAP', 'CAP_SETPCAP', 'CAP_NET_BIND_SERVICE', 'CAP_SYS_CHROOT', 'CAP_KILL', 'CAP_AUDIT_WRITE'], 'permitted': ['CAP_CHOWN', 'CAP_DAC_OVERRIDE', 'CAP_FSETID', 'CAP_FOWNER', 'CAP_MKNOD', 'CAP_NET_RAW', 'CAP_SETGID', 'CAP_SETUID', 'CAP_SETFCAP', 'CAP_SETPCAP', 'CAP_NET_BIND_SERVICE', 'CAP_SYS_CHROOT', 'CAP_KILL', 'CAP_AUDIT_WRITE']}, 'rlimits': [{'type': 'RLIMIT_NOFILE', 'hard': 65535, 'soft': 65535}], 'noNewPrivileges': True}, 'root': {'path': 'rootfs'}, 'mounts': [{'destination': '/proc', 'type': 'proc', 'source': 'proc', 'options': ['nosuid', 'noexec', 'nodev']}, {'destination': '/dev', 'type': 'tmpfs', 'source': 'tmpfs', 'options': ['nosuid', 'strictatime', 'mode=755', 'size=65536k']}, {'destination': '/dev/pts', 'type': 'devpts', 'source': 'devpts', 'options': ['nosuid', 'noexec', 'newinstance', 'ptmxmode=0666', 'mode=0620', 'gid=5']}, {'destination': '/dev/shm', 'type': 'tmpfs', 'source': 'shm', 'options': ['nosuid', 'noexec', 'nodev', 'mode=1777', 'size=65536k']}, {'destination': '/dev/mqueue', 'type': 'mqueue', 'source': 'mqueue', 'options': ['nosuid', 'noexec', 'nodev']}, {'destination': '/sys', 'type': 'sysfs', 'source': 'sysfs', 'options': ['nosuid', 'noexec', 'nodev', 'ro']}, {'destination': '/run', 'type': 'tmpfs', 'source': 'tmpfs', 'options': ['nosuid', 'strictatime', 'mode=755', 'size=65536k']}], 'linux': {'resources': {'devices': [{'allow': False, 'access': 'rwm'}]}, 'cgroupsPath': '/default', 'namespaces': [{'type': 'pid'}, {'type': 'ipc'}, {'type': 'uts'}, {'type': 'mount'}, {'type': 'network'}], 'maskedPaths': ['/proc/acpi', '/proc/asound', '/proc/kcore', '/proc/keys', '/proc/latency_stats', '/proc/timer_list', '/proc/timer_stats', '/proc/sched_debug', '/sys/firmware', '/sys/devices/virtual/powercap', '/proc/scsi'], 'readonlyPaths': ['/proc/bus', '/proc/fs', '/proc/irq', '/proc/sys', '/proc/sysrq-trigger']}}})
changed: [k8s-w-0] => (item={'key': 'cri-base.json', 'value': {'ociVersion': '1.3.0', 'process': {'user': {'uid': 0, 'gid': 0}, 'cwd': '/', 'capabilities': {'bounding': ['CAP_CHOWN', 'CAP_DAC_OVERRIDE', 'CAP_FSETID', 'CAP_FOWNER', 'CAP_MKNOD', 'CAP_NET_RAW', 'CAP_SETGID', 'CAP_SETUID', 'CAP_SETFCAP', 'CAP_SETPCAP', 'CAP_NET_BIND_SERVICE', 'CAP_SYS_CHROOT', 'CAP_KILL', 'CAP_AUDIT_WRITE'], 'effective': ['CAP_CHOWN', 'CAP_DAC_OVERRIDE', 'CAP_FSETID', 'CAP_FOWNER', 'CAP_MKNOD', 'CAP_NET_RAW', 'CAP_SETGID', 'CAP_SETUID', 'CAP_SETFCAP', 'CAP_SETPCAP', 'CAP_NET_BIND_SERVICE', 'CAP_SYS_CHROOT', 'CAP_KILL', 'CAP_AUDIT_WRITE'], 'permitted': ['CAP_CHOWN', 'CAP_DAC_OVERRIDE', 'CAP_FSETID', 'CAP_FOWNER', 'CAP_MKNOD', 'CAP_NET_RAW', 'CAP_SETGID', 'CAP_SETUID', 'CAP_SETFCAP', 'CAP_SETPCAP', 'CAP_NET_BIND_SERVICE', 'CAP_SYS_CHROOT', 'CAP_KILL', 'CAP_AUDIT_WRITE']}, 'rlimits': [{'type': 'RLIMIT_NOFILE', 'hard': 65535, 'soft': 65535}], 'noNewPrivileges': True}, 'root': {'path': 'rootfs'}, 'mounts': [{'destination': '/proc', 'type': 'proc', 'source': 'proc', 'options': ['nosuid', 'noexec', 'nodev']}, {'destination': '/dev', 'type': 'tmpfs', 'source': 'tmpfs', 'options': ['nosuid', 'strictatime', 'mode=755', 'size=65536k']}, {'destination': '/dev/pts', 'type': 'devpts', 'source': 'devpts', 'options': ['nosuid', 'noexec', 'newinstance', 'ptmxmode=0666', 'mode=0620', 'gid=5']}, {'destination': '/dev/shm', 'type': 'tmpfs', 'source': 'shm', 'options': ['nosuid', 'noexec', 'nodev', 'mode=1777', 'size=65536k']}, {'destination': '/dev/mqueue', 'type': 'mqueue', 'source': 'mqueue', 'options': ['nosuid', 'noexec', 'nodev']}, {'destination': '/sys', 'type': 'sysfs', 'source': 'sysfs', 'options': ['nosuid', 'noexec', 'nodev', 'ro']}, {'destination': '/run', 'type': 'tmpfs', 'source': 'tmpfs', 'options': ['nosuid', 'strictatime', 'mode=755', 'size=65536k']}], 'linux': {'resources': {'devices': [{'allow': False, 'access': 'rwm'}]}, 'cgroupsPath': '/default', 'namespaces': [{'type': 'pid'}, {'type': 'ipc'}, {'type': 'uts'}, {'type': 'mount'}, {'type': 'network'}], 'maskedPaths': ['/proc/acpi', '/proc/asound', '/proc/kcore', '/proc/keys', '/proc/latency_stats', '/proc/timer_list', '/proc/timer_stats', '/proc/sched_debug', '/sys/firmware', '/sys/devices/virtual/powercap', '/proc/scsi'], 'readonlyPaths': ['/proc/bus', '/proc/fs', '/proc/irq', '/proc/sys', '/proc/sysrq-trigger']}}})
Tuesday 25 August 2026  19:33:04 +0530 (0:00:00.793)       0:03:04.536 ******** 

TASK [container-engine/containerd : Containerd | Copy containerd config file] ***
changed: [k8s-cp-0]
changed: [k8s-w-0]
Tuesday 25 August 2026  19:33:05 +0530 (0:00:00.868)       0:03:05.404 ******** 

TASK [container-engine/containerd : Containerd | Create registry directories] ***
changed: [k8s-cp-0] => (item=None)
changed: [k8s-cp-0]
changed: [k8s-w-0] => (item=None)
changed: [k8s-w-0]
Tuesday 25 August 2026  19:33:05 +0530 (0:00:00.316)       0:03:05.721 ******** 

TASK [container-engine/containerd : Containerd | Write hosts.toml file] ********
changed: [k8s-cp-0] => (item=None)
changed: [k8s-cp-0]
changed: [k8s-w-0] => (item=None)
changed: [k8s-w-0]
Tuesday 25 August 2026  19:33:06 +0530 (0:00:00.707)       0:03:06.429 ******** 
Tuesday 25 August 2026  19:33:06 +0530 (0:00:00.019)       0:03:06.448 ******** 
Tuesday 25 August 2026  19:33:06 +0530 (0:00:00.016)       0:03:06.465 ******** 

RUNNING HANDLER [container-engine/crictl : Get crictl completion] **************
ok: [k8s-cp-0]
ok: [k8s-w-0]
Tuesday 25 August 2026  19:33:06 +0530 (0:00:00.315)       0:03:06.780 ******** 

RUNNING HANDLER [container-engine/crictl : Install crictl completion] **********
changed: [k8s-cp-0]
changed: [k8s-w-0]
Tuesday 25 August 2026  19:33:07 +0530 (0:00:00.776)       0:03:07.557 ******** 

RUNNING HANDLER [container-engine/nerdctl : Get nerdctl completion] ************
ok: [k8s-cp-0]
ok: [k8s-w-0]
Tuesday 25 August 2026  19:33:07 +0530 (0:00:00.354)       0:03:07.911 ******** 

RUNNING HANDLER [container-engine/nerdctl : Install nerdctl completion] ********
changed: [k8s-cp-0]
changed: [k8s-w-0]
Tuesday 25 August 2026  19:33:08 +0530 (0:00:00.679)       0:03:08.591 ******** 

RUNNING HANDLER [container-engine/containerd : Containerd | restart containerd] ***
changed: [k8s-w-0]
changed: [k8s-cp-0]
Tuesday 25 August 2026  19:33:09 +0530 (0:00:01.793)       0:03:10.384 ******** 

RUNNING HANDLER [container-engine/containerd : Containerd | wait for containerd] ***
changed: [k8s-cp-0]
changed: [k8s-w-0]
Tuesday 25 August 2026  19:33:10 +0530 (0:00:00.394)       0:03:10.779 ******** 

TASK [container-engine/containerd : Containerd | Ensure containerd is started and enabled] ***
ok: [k8s-cp-0]
ok: [k8s-w-0]
Tuesday 25 August 2026  19:33:11 +0530 (0:00:01.088)       0:03:11.868 ******** 

TASK [download : Prep_download | Set a few facts] ******************************
ok: [k8s-cp-0]
ok: [k8s-w-0]
Tuesday 25 August 2026  19:33:11 +0530 (0:00:00.072)       0:03:11.941 ******** 
Tuesday 25 August 2026  19:33:11 +0530 (0:00:00.052)       0:03:11.993 ******** 
Tuesday 25 August 2026  19:33:11 +0530 (0:00:00.041)       0:03:12.035 ******** 
Tuesday 25 August 2026  19:33:11 +0530 (0:00:00.057)       0:03:12.093 ******** 
Tuesday 25 August 2026  19:33:11 +0530 (0:00:00.054)       0:03:12.147 ******** 

TASK [download : Prep_download | Register docker images info] ******************
ok: [k8s-cp-0]
ok: [k8s-w-0]
Tuesday 25 August 2026  19:33:12 +0530 (0:00:00.402)       0:03:12.550 ******** 

TASK [download : Prep_download | Create staging directory on remote node] ******
changed: [k8s-cp-0]
changed: [k8s-w-0]
Tuesday 25 August 2026  19:33:12 +0530 (0:00:00.403)       0:03:12.953 ******** 
Tuesday 25 August 2026  19:33:12 +0530 (0:00:00.054)       0:03:13.008 ******** 

TASK [download : Download | Get kubeadm binary and list of required images] ****
included: ~/kubespray/roles/download/tasks/prep_kubeadm_images.yml for k8s-cp-0
Tuesday 25 August 2026  19:33:12 +0530 (0:00:00.096)       0:03:13.104 ******** 

TASK [download : Prep_kubeadm_images | Download kubeadm binary] ****************
included: ~/kubespray/roles/download/tasks/download_file.yml for k8s-cp-0
Tuesday 25 August 2026  19:33:13 +0530 (0:00:00.522)       0:03:13.627 ******** 

TASK [download : Prep_download | Set a few facts] ******************************
ok: [k8s-cp-0]
Tuesday 25 August 2026  19:33:13 +0530 (0:00:00.456)       0:03:14.083 ******** 
Tuesday 25 August 2026  19:33:13 +0530 (0:00:00.036)       0:03:14.120 ******** 

TASK [download : Download_file | Set pathname of cached file] ******************
ok: [k8s-cp-0]
Tuesday 25 August 2026  19:33:14 +0530 (0:00:00.843)       0:03:14.963 ******** 

TASK [download : Download_file | Create dest directory on node] ****************
ok: [k8s-cp-0]
Tuesday 25 August 2026  19:33:16 +0530 (0:00:01.542)       0:03:16.506 ******** 
Tuesday 25 August 2026  19:33:16 +0530 (0:00:00.033)       0:03:16.539 ******** 
Tuesday 25 August 2026  19:33:16 +0530 (0:00:00.040)       0:03:16.580 ******** 

TASK [download : Download_file | Download item] ********************************
changed: [k8s-cp-0]
Tuesday 25 August 2026  19:36:44 +0530 (0:03:27.984)       0:06:44.564 ******** 
Tuesday 25 August 2026  19:36:44 +0530 (0:00:00.029)       0:06:44.594 ******** 
Tuesday 25 August 2026  19:36:44 +0530 (0:00:00.027)       0:06:44.621 ******** 
Tuesday 25 August 2026  19:36:44 +0530 (0:00:00.027)       0:06:44.649 ******** 

TASK [download : Download_file | Extract file archives] ************************
included: ~/kubespray/roles/download/tasks/extract_file.yml for k8s-cp-0
Tuesday 25 August 2026  19:36:44 +0530 (0:00:00.037)       0:06:44.686 ******** 
Tuesday 25 August 2026  19:36:44 +0530 (0:00:00.421)       0:06:45.108 ******** 

TASK [download : Prep_kubeadm_images | Copy kubeadm binary from download dir to system path] ***
changed: [k8s-cp-0]
Tuesday 25 August 2026  19:36:45 +0530 (0:00:00.962)       0:06:46.070 ******** 

TASK [download : Prep_kubeadm_images | Create kubeadm config] ******************
changed: [k8s-cp-0]
Tuesday 25 August 2026  19:36:46 +0530 (0:00:00.671)       0:06:46.742 ******** 

TASK [download : Prep_kubeadm_images | Generate list of required images] *******
ok: [k8s-cp-0]
Tuesday 25 August 2026  19:36:46 +0530 (0:00:00.292)       0:06:47.034 ******** 

TASK [download : Prep_kubeadm_images | Parse list of images] *******************
ok: [k8s-cp-0] => (item=registry.k8s.io/kube-apiserver:v1.35.4)
ok: [k8s-cp-0] => (item=registry.k8s.io/kube-controller-manager:v1.35.4)
ok: [k8s-cp-0] => (item=registry.k8s.io/kube-scheduler:v1.35.4)
ok: [k8s-cp-0] => (item=registry.k8s.io/kube-proxy:v1.35.4)
Tuesday 25 August 2026  19:36:46 +0530 (0:00:00.090)       0:06:47.124 ******** 

TASK [download : Prep_kubeadm_images | Convert list of images to dict for later use] ***
ok: [k8s-cp-0]
Tuesday 25 August 2026  19:36:46 +0530 (0:00:00.045)       0:06:47.170 ******** 

TASK [download : Download | Download files / images] ***************************
included: ~/kubespray/roles/download/tasks/download_file.yml for k8s-cp-0 => (item={'key': 'etcd', 'value': {'container': False, 'file': True, 'enabled': True, 'dest': '/tmp/releases/etcd-3.6.10-linux-amd64.tar.gz', 'repo': 'quay.io/coreos/etcd', 'tag': 'v3.6.10', 'checksum': 'sha256:ed579fafab5701e3aaa95509969e7bc74776a4ae5269d32e3928408b406456ec', 'url': 'https://github.com/etcd-io/etcd/releases/download/v3.6.10/etcd-v3.6.10-linux-amd64.tar.gz', 'unarchive': True, 'owner': 'root', 'mode': '0755', 'groups': ['etcd']}})
included: ~/kubespray/roles/download/tasks/download_file.yml for k8s-cp-0, k8s-w-0 => (item={'key': 'cni', 'value': {'enabled': True, 'file': True, 'dest': '/tmp/releases/cni-plugins-linux-amd64-1.9.1.tgz', 'checksum': 'sha256:b98f74a0f8522f0a83867178729c1aa70f2158f90c45a2ca8fa791db1c76b303', 'url': 'https://github.com/containernetworking/plugins/releases/download/v1.9.1/cni-plugins-linux-amd64-v1.9.1.tgz', 'unarchive': False, 'owner': 'root', 'mode': '0755', 'groups': ['k8s_cluster']}})
included: ~/kubespray/roles/download/tasks/download_file.yml for k8s-cp-0, k8s-w-0 => (item={'key': 'kubeadm', 'value': {'enabled': True, 'file': True, 'dest': '/tmp/releases/kubeadm-1.35.4-amd64', 'checksum': 'sha256:0c0497da793f8897c14e45340da919534b615294a1aab69dc1998896c0f11145', 'url': 'https://dl.k8s.io/release/v1.35.4/bin/linux/amd64/kubeadm', 'unarchive': False, 'owner': 'root', 'mode': '0755', 'groups': ['k8s_cluster']}})
included: ~/kubespray/roles/download/tasks/download_file.yml for k8s-cp-0, k8s-w-0 => (item={'key': 'kubelet', 'value': {'enabled': True, 'file': True, 'dest': '/tmp/releases/kubelet-1.35.4-amd64', 'checksum': 'sha256:983a6ba5a49823dcdd745c674e5e2416377dd27d6ad1b42d2befa0fb961a19f6', 'url': 'https://dl.k8s.io/release/v1.35.4/bin/linux/amd64/kubelet', 'unarchive': False, 'owner': 'root', 'mode': '0755', 'groups': ['k8s_cluster']}})
included: ~/kubespray/roles/download/tasks/download_file.yml for k8s-cp-0 => (item={'key': 'kubectl', 'value': {'enabled': True, 'file': True, 'dest': '/tmp/releases/kubectl-1.35.4-amd64', 'checksum': 'sha256:b529430df69a688fd61b64ad2299edb5fd71cb58be2a4779dba624c7d3510efd', 'url': 'https://dl.k8s.io/release/v1.35.4/bin/linux/amd64/kubectl', 'unarchive': False, 'owner': 'root', 'mode': '0755', 'groups': ['kube_control_plane']}})
included: ~/kubespray/roles/download/tasks/download_file.yml for k8s-cp-0, k8s-w-0 => (item={'key': 'crictl', 'value': {'file': True, 'enabled': True, 'dest': '/tmp/releases/crictl-1.35.0-linux-amd64.tar.gz', 'checksum': 'sha256:2e141e5b22cb189c40365a11807d69b76b9b3caced89fac2f4ec879408ce2177', 'url': 'https://github.com/kubernetes-sigs/cri-tools/releases/download/v1.35.0/crictl-v1.35.0-linux-amd64.tar.gz', 'unarchive': True, 'owner': 'root', 'mode': '0755', 'groups': ['k8s_cluster']}})
included: ~/kubespray/roles/download/tasks/download_file.yml for k8s-cp-0, k8s-w-0 => (item={'key': 'runc', 'value': {'file': True, 'enabled': True, 'dest': '/tmp/releases/runc-1.4.2.amd64', 'checksum': 'sha256:ac8a90f9e225bb9322189937b230cdc5478d5753f0e31e1bda98a5cf06bd9539', 'url': 'https://github.com/opencontainers/runc/releases/download/v1.4.2/runc.amd64', 'unarchive': False, 'owner': 'root', 'mode': '0755', 'groups': ['k8s_cluster']}})
included: ~/kubespray/roles/download/tasks/download_file.yml for k8s-cp-0, k8s-w-0 => (item={'key': 'containerd', 'value': {'enabled': True, 'file': True, 'dest': '/tmp/releases/containerd-2.2.3-linux-amd64.tar.gz', 'checksum': 'sha256:ca26ef5138f17b847bbeeec36d4bf5e002b54d25858197a870c125d57f44d32f', 'url': 'https://github.com/containerd/containerd/releases/download/v2.2.3/containerd-2.2.3-linux-amd64.tar.gz', 'unarchive': False, 'owner': 'root', 'mode': '0755', 'groups': ['k8s_cluster']}})
included: ~/kubespray/roles/download/tasks/download_file.yml for k8s-cp-0, k8s-w-0 => (item={'key': 'nerdctl', 'value': {'file': True, 'enabled': True, 'dest': '/tmp/releases/nerdctl-2.2.2-linux-amd64.tar.gz', 'checksum': 'sha256:6f637760fb2875e3454e97c3de7438fd17281b5996908cbd8ee1c872b0653cc8', 'url': 'https://github.com/containerd/nerdctl/releases/download/v2.2.2/nerdctl-2.2.2-linux-amd64.tar.gz', 'unarchive': True, 'owner': 'root', 'mode': '0755', 'groups': ['k8s_cluster']}})
included: ~/kubespray/roles/download/tasks/download_file.yml for k8s-cp-0, k8s-w-0 => (item={'key': 'calicoctl', 'value': {'enabled': True, 'file': True, 'dest': '/tmp/releases/calicoctl-3.31.5-amd64', 'checksum': 'sha256:d1dd3a3fb2f5640987eab589dc1dcb03c47c11b32bc19a65c45c39421cd887d2', 'url': 'https://github.com/projectcalico/calico/releases/download/v3.31.5/calicoctl-linux-amd64', 'unarchive': False, 'owner': 'root', 'mode': '0755', 'groups': ['k8s_cluster']}})
included: ~/kubespray/roles/download/tasks/download_container.yml for k8s-cp-0, k8s-w-0 => (item={'key': 'calico_node', 'value': {'enabled': True, 'container': True, 'repo': 'quay.io/calico/node', 'tag': 'v3.31.5', 'checksum': '', 'groups': ['k8s_cluster']}})
included: ~/kubespray/roles/download/tasks/download_container.yml for k8s-cp-0, k8s-w-0 => (item={'key': 'calico_cni', 'value': {'enabled': True, 'container': True, 'repo': 'quay.io/calico/cni', 'tag': 'v3.31.5', 'checksum': '', 'groups': ['k8s_cluster']}})
included: ~/kubespray/roles/download/tasks/download_container.yml for k8s-cp-0, k8s-w-0 => (item={'key': 'calico_policy', 'value': {'enabled': True, 'container': True, 'repo': 'quay.io/calico/kube-controllers', 'tag': 'v3.31.5', 'checksum': '', 'groups': ['k8s_cluster']}})
included: ~/kubespray/roles/download/tasks/download_file.yml for k8s-cp-0 => (item={'key': 'calico_crds', 'value': {'file': True, 'enabled': True, 'dest': '/tmp/releases/calico-3.31.5-kdd-crds/crds.yaml', 'checksum': 'sha256:1d6d5e523f92ee1e8227a48c016229c668f94035431b82f19139affeb45dbeff', 'url': 'https://github.com/projectcalico/calico/raw/v3.31.5/manifests/crds.yaml', 'owner': 'root', 'mode': '0755', 'groups': ['kube_control_plane']}})
included: ~/kubespray/roles/download/tasks/download_container.yml for k8s-cp-0, k8s-w-0 => (item={'key': 'pod_infra', 'value': {'enabled': True, 'container': True, 'repo': 'registry.k8s.io/pause', 'tag': '3.10.1', 'checksum': '', 'groups': ['k8s_cluster']}})
included: ~/kubespray/roles/download/tasks/download_container.yml for k8s-cp-0, k8s-w-0 => (item={'key': 'nginx', 'value': {'enabled': True, 'container': True, 'repo': 'docker.io/library/nginx', 'tag': '1.28.2-alpine', 'checksum': '', 'groups': ['kube_node']}})
included: ~/kubespray/roles/download/tasks/download_container.yml for k8s-cp-0, k8s-w-0 => (item={'key': 'coredns', 'value': {'enabled': True, 'container': True, 'repo': 'registry.k8s.io/coredns/coredns', 'tag': 'v1.12.4', 'checksum': '', 'groups': ['k8s_cluster']}})
included: ~/kubespray/roles/download/tasks/download_container.yml for k8s-cp-0, k8s-w-0 => (item={'key': 'nodelocaldns', 'value': {'enabled': True, 'container': True, 'repo': 'registry.k8s.io/dns/k8s-dns-node-cache', 'tag': '1.25.0', 'checksum': '', 'groups': ['k8s_cluster']}})
included: ~/kubespray/roles/download/tasks/download_container.yml for k8s-cp-0 => (item={'key': 'dnsautoscaler', 'value': {'enabled': True, 'container': True, 'repo': 'registry.k8s.io/cpa/cluster-proportional-autoscaler', 'tag': 'v1.8.8', 'checksum': '', 'groups': ['kube_control_plane']}})
included: ~/kubespray/roles/download/tasks/download_container.yml for k8s-cp-0, k8s-w-0 => (item={'key': 'kubeadm_kube-apiserver', 'value': {'enabled': True, 'container': True, 'repo': 'registry.k8s.io/kube-apiserver', 'tag': 'v1.35.4', 'groups': ['k8s_cluster']}})
included: ~/kubespray/roles/download/tasks/download_container.yml for k8s-cp-0, k8s-w-0 => (item={'key': 'kubeadm_kube-controller-manager', 'value': {'enabled': True, 'container': True, 'repo': 'registry.k8s.io/kube-controller-manager', 'tag': 'v1.35.4', 'groups': ['k8s_cluster']}})
included: ~/kubespray/roles/download/tasks/download_container.yml for k8s-cp-0, k8s-w-0 => (item={'key': 'kubeadm_kube-scheduler', 'value': {'enabled': True, 'container': True, 'repo': 'registry.k8s.io/kube-scheduler', 'tag': 'v1.35.4', 'groups': ['k8s_cluster']}})
included: ~/kubespray/roles/download/tasks/download_container.yml for k8s-cp-0, k8s-w-0 => (item={'key': 'kubeadm_kube-proxy', 'value': {'enabled': True, 'container': True, 'repo': 'registry.k8s.io/kube-proxy', 'tag': 'v1.35.4', 'groups': ['k8s_cluster']}})
Tuesday 25 August 2026  19:36:48 +0530 (0:00:01.546)       0:06:48.716 ******** 

TASK [download : Prep_download | Set a few facts] ******************************
ok: [k8s-cp-0]
Tuesday 25 August 2026  19:36:48 +0530 (0:00:00.046)       0:06:48.763 ******** 
Tuesday 25 August 2026  19:36:48 +0530 (0:00:00.027)       0:06:48.790 ******** 

TASK [download : Download_file | Set pathname of cached file] ******************
ok: [k8s-cp-0]
Tuesday 25 August 2026  19:36:48 +0530 (0:00:00.042)       0:06:48.833 ******** 

TASK [download : Download_file | Create dest directory on node] ****************
ok: [k8s-cp-0]
Tuesday 25 August 2026  19:36:48 +0530 (0:00:00.240)       0:06:49.074 ******** 
Tuesday 25 August 2026  19:36:48 +0530 (0:00:00.032)       0:06:49.106 ******** 
Tuesday 25 August 2026  19:36:48 +0530 (0:00:00.038)       0:06:49.145 ******** 

TASK [download : Download_file | Download item] ********************************
changed: [k8s-cp-0]
Tuesday 25 August 2026  19:36:57 +0530 (0:00:08.716)       0:06:57.861 ******** 
Tuesday 25 August 2026  19:36:57 +0530 (0:00:00.027)       0:06:57.889 ******** 
Tuesday 25 August 2026  19:36:57 +0530 (0:00:00.024)       0:06:57.914 ******** 
Tuesday 25 August 2026  19:36:57 +0530 (0:00:00.028)       0:06:57.943 ******** 

TASK [download : Download_file | Extract file archives] ************************
included: ~/kubespray/roles/download/tasks/extract_file.yml for k8s-cp-0
Tuesday 25 August 2026  19:36:57 +0530 (0:00:00.042)       0:06:57.985 ******** 

TASK [download : Extract_file | Unpacking archive] *****************************
changed: [k8s-cp-0]
Tuesday 25 August 2026  19:36:59 +0530 (0:00:01.706)       0:06:59.691 ******** 

TASK [download : Prep_download | Set a few facts] ******************************
ok: [k8s-cp-0]
ok: [k8s-w-0]
Tuesday 25 August 2026  19:36:59 +0530 (0:00:00.072)       0:06:59.764 ******** 
Tuesday 25 August 2026  19:36:59 +0530 (0:00:00.046)       0:06:59.811 ******** 

TASK [download : Download_file | Set pathname of cached file] ******************
ok: [k8s-cp-0]
ok: [k8s-w-0]
Tuesday 25 August 2026  19:36:59 +0530 (0:00:00.059)       0:06:59.870 ******** 

TASK [download : Download_file | Create dest directory on node] ****************
ok: [k8s-cp-0]
ok: [k8s-w-0]
Tuesday 25 August 2026  19:36:59 +0530 (0:00:00.306)       0:07:00.176 ******** 
Tuesday 25 August 2026  19:36:59 +0530 (0:00:00.033)       0:07:00.210 ******** 
Tuesday 25 August 2026  19:36:59 +0530 (0:00:00.036)       0:07:00.246 ******** 

TASK [download : Download_file | Download item] ********************************
changed: [k8s-w-0]
changed: [k8s-cp-0]
Tuesday 25 August 2026  19:37:30 +0530 (0:00:30.907)       0:07:31.154 ******** 
Tuesday 25 August 2026  19:37:30 +0530 (0:00:00.049)       0:07:31.203 ******** 
Tuesday 25 August 2026  19:37:30 +0530 (0:00:00.047)       0:07:31.250 ******** 
Tuesday 25 August 2026  19:37:30 +0530 (0:00:00.052)       0:07:31.303 ******** 

TASK [download : Download_file | Extract file archives] ************************
included: ~/kubespray/roles/download/tasks/extract_file.yml for k8s-cp-0, k8s-w-0
Tuesday 25 August 2026  19:37:30 +0530 (0:00:00.076)       0:07:31.380 ******** 
Tuesday 25 August 2026  19:37:31 +0530 (0:00:00.051)       0:07:31.432 ******** 

TASK [download : Prep_download | Set a few facts] ******************************
ok: [k8s-cp-0]
ok: [k8s-w-0]
Tuesday 25 August 2026  19:37:31 +0530 (0:00:00.060)       0:07:31.492 ******** 
Tuesday 25 August 2026  19:37:31 +0530 (0:00:00.044)       0:07:31.537 ******** 

TASK [download : Download_file | Set pathname of cached file] ******************
ok: [k8s-cp-0]
ok: [k8s-w-0]
Tuesday 25 August 2026  19:37:31 +0530 (0:00:00.064)       0:07:31.601 ******** 

TASK [download : Download_file | Create dest directory on node] ****************
ok: [k8s-cp-0]
ok: [k8s-w-0]
Tuesday 25 August 2026  19:37:31 +0530 (0:00:00.311)       0:07:31.913 ******** 
Tuesday 25 August 2026  19:37:31 +0530 (0:00:00.036)       0:07:31.949 ******** 
Tuesday 25 August 2026  19:37:31 +0530 (0:00:00.045)       0:07:31.995 ******** 

TASK [download : Download_file | Download item] ********************************
ok: [k8s-cp-0]
changed: [k8s-w-0]
Tuesday 25 August 2026  19:37:50 +0530 (0:00:19.326)       0:07:51.321 ******** 
Tuesday 25 August 2026  19:37:50 +0530 (0:00:00.045)       0:07:51.367 ******** 
Tuesday 25 August 2026  19:37:51 +0530 (0:00:00.046)       0:07:51.414 ******** 
Tuesday 25 August 2026  19:37:51 +0530 (0:00:00.044)       0:07:51.459 ******** 

TASK [download : Download_file | Extract file archives] ************************
included: ~/kubespray/roles/download/tasks/extract_file.yml for k8s-cp-0, k8s-w-0
Tuesday 25 August 2026  19:37:51 +0530 (0:00:00.094)       0:07:51.554 ******** 
Tuesday 25 August 2026  19:37:51 +0530 (0:00:00.052)       0:07:51.607 ******** 

TASK [download : Prep_download | Set a few facts] ******************************
ok: [k8s-cp-0]
ok: [k8s-w-0]
Tuesday 25 August 2026  19:37:51 +0530 (0:00:00.061)       0:07:51.668 ******** 
Tuesday 25 August 2026  19:37:51 +0530 (0:00:00.045)       0:07:51.713 ******** 

TASK [download : Download_file | Set pathname of cached file] ******************
ok: [k8s-cp-0]
ok: [k8s-w-0]
Tuesday 25 August 2026  19:37:51 +0530 (0:00:00.064)       0:07:51.778 ******** 

TASK [download : Download_file | Create dest directory on node] ****************
ok: [k8s-cp-0]
ok: [k8s-w-0]
Tuesday 25 August 2026  19:37:51 +0530 (0:00:00.296)       0:07:52.074 ******** 
Tuesday 25 August 2026  19:37:51 +0530 (0:00:00.034)       0:07:52.109 ******** 
Tuesday 25 August 2026  19:37:51 +0530 (0:00:00.042)       0:07:52.151 ******** 

TASK [download : Download_file | Download item] ********************************
changed: [k8s-w-0]
changed: [k8s-cp-0]
Tuesday 25 August 2026  19:40:42 +0530 (0:02:50.870)       0:10:43.022 ******** 
Tuesday 25 August 2026  19:40:42 +0530 (0:00:00.045)       0:10:43.068 ******** 
Tuesday 25 August 2026  19:40:42 +0530 (0:00:00.042)       0:10:43.110 ******** 
Tuesday 25 August 2026  19:40:42 +0530 (0:00:00.050)       0:10:43.160 ******** 

TASK [download : Download_file | Extract file archives] ************************
included: ~/kubespray/roles/download/tasks/extract_file.yml for k8s-cp-0, k8s-w-0
Tuesday 25 August 2026  19:40:42 +0530 (0:00:00.081)       0:10:43.242 ******** 
Tuesday 25 August 2026  19:40:42 +0530 (0:00:00.048)       0:10:43.291 ******** 

TASK [download : Prep_download | Set a few facts] ******************************
ok: [k8s-cp-0]
Tuesday 25 August 2026  19:40:42 +0530 (0:00:00.042)       0:10:43.333 ******** 
Tuesday 25 August 2026  19:40:42 +0530 (0:00:00.025)       0:10:43.359 ******** 

TASK [download : Download_file | Set pathname of cached file] ******************
ok: [k8s-cp-0]
Tuesday 25 August 2026  19:40:43 +0530 (0:00:00.041)       0:10:43.401 ******** 

TASK [download : Download_file | Create dest directory on node] ****************
ok: [k8s-cp-0]
Tuesday 25 August 2026  19:40:43 +0530 (0:00:00.258)       0:10:43.659 ******** 
Tuesday 25 August 2026  19:40:43 +0530 (0:00:00.030)       0:10:43.690 ******** 
Tuesday 25 August 2026  19:40:43 +0530 (0:00:00.034)       0:10:43.724 ******** 

TASK [download : Download_file | Download item] ********************************
changed: [k8s-cp-0]
Tuesday 25 August 2026  19:43:15 +0530 (0:02:32.237)       0:13:15.962 ******** 
Tuesday 25 August 2026  19:43:15 +0530 (0:00:00.027)       0:13:15.990 ******** 
Tuesday 25 August 2026  19:43:15 +0530 (0:00:00.028)       0:13:16.018 ******** 
Tuesday 25 August 2026  19:43:15 +0530 (0:00:00.025)       0:13:16.044 ******** 

TASK [download : Download_file | Extract file archives] ************************
included: ~/kubespray/roles/download/tasks/extract_file.yml for k8s-cp-0
Tuesday 25 August 2026  19:43:15 +0530 (0:00:00.039)       0:13:16.084 ******** 
Tuesday 25 August 2026  19:43:15 +0530 (0:00:00.030)       0:13:16.114 ******** 

TASK [download : Prep_download | Set a few facts] ******************************
ok: [k8s-cp-0]
ok: [k8s-w-0]
Tuesday 25 August 2026  19:43:15 +0530 (0:00:00.062)       0:13:16.177 ******** 
Tuesday 25 August 2026  19:43:15 +0530 (0:00:00.090)       0:13:16.268 ******** 

TASK [download : Download_file | Set pathname of cached file] ******************
ok: [k8s-cp-0]
ok: [k8s-w-0]
Tuesday 25 August 2026  19:43:15 +0530 (0:00:00.061)       0:13:16.329 ******** 

TASK [download : Download_file | Create dest directory on node] ****************
ok: [k8s-cp-0]
ok: [k8s-w-0]
Tuesday 25 August 2026  19:43:16 +0530 (0:00:00.267)       0:13:16.597 ******** 
Tuesday 25 August 2026  19:43:16 +0530 (0:00:00.032)       0:13:16.629 ******** 
Tuesday 25 August 2026  19:43:16 +0530 (0:00:00.033)       0:13:16.663 ******** 

TASK [download : Download_file | Download item] ********************************
ok: [k8s-cp-0]
ok: [k8s-w-0]
Tuesday 25 August 2026  19:43:16 +0530 (0:00:00.448)       0:13:17.112 ******** 
Tuesday 25 August 2026  19:43:16 +0530 (0:00:00.044)       0:13:17.156 ******** 
Tuesday 25 August 2026  19:43:16 +0530 (0:00:00.041)       0:13:17.198 ******** 
Tuesday 25 August 2026  19:43:16 +0530 (0:00:00.042)       0:13:17.240 ******** 

TASK [download : Download_file | Extract file archives] ************************
included: ~/kubespray/roles/download/tasks/extract_file.yml for k8s-cp-0, k8s-w-0
Tuesday 25 August 2026  19:43:16 +0530 (0:00:00.070)       0:13:17.311 ******** 

TASK [download : Extract_file | Unpacking archive] *****************************
ok: [k8s-cp-0]
ok: [k8s-w-0]
Tuesday 25 August 2026  19:43:18 +0530 (0:00:01.110)       0:13:18.421 ******** 

TASK [download : Prep_download | Set a few facts] ******************************
ok: [k8s-cp-0]
ok: [k8s-w-0]
Tuesday 25 August 2026  19:43:18 +0530 (0:00:00.060)       0:13:18.482 ******** 
Tuesday 25 August 2026  19:43:18 +0530 (0:00:00.042)       0:13:18.525 ******** 

TASK [download : Download_file | Set pathname of cached file] ******************
ok: [k8s-cp-0]
ok: [k8s-w-0]
Tuesday 25 August 2026  19:43:18 +0530 (0:00:00.057)       0:13:18.582 ******** 

TASK [download : Download_file | Create dest directory on node] ****************
ok: [k8s-w-0]
ok: [k8s-cp-0]
Tuesday 25 August 2026  19:43:18 +0530 (0:00:00.332)       0:13:18.915 ******** 
Tuesday 25 August 2026  19:43:18 +0530 (0:00:00.028)       0:13:18.943 ******** 
Tuesday 25 August 2026  19:43:18 +0530 (0:00:00.035)       0:13:18.979 ******** 

TASK [download : Download_file | Download item] ********************************
ok: [k8s-cp-0]
ok: [k8s-w-0]
Tuesday 25 August 2026  19:43:19 +0530 (0:00:00.414)       0:13:19.393 ******** 
Tuesday 25 August 2026  19:43:19 +0530 (0:00:00.047)       0:13:19.440 ******** 
Tuesday 25 August 2026  19:43:19 +0530 (0:00:00.042)       0:13:19.482 ******** 
Tuesday 25 August 2026  19:43:19 +0530 (0:00:00.040)       0:13:19.523 ******** 

TASK [download : Download_file | Extract file archives] ************************
included: ~/kubespray/roles/download/tasks/extract_file.yml for k8s-cp-0, k8s-w-0
Tuesday 25 August 2026  19:43:19 +0530 (0:00:00.070)       0:13:19.594 ******** 
Tuesday 25 August 2026  19:43:19 +0530 (0:00:00.048)       0:13:19.642 ******** 

TASK [download : Prep_download | Set a few facts] ******************************
ok: [k8s-cp-0]
ok: [k8s-w-0]
Tuesday 25 August 2026  19:43:19 +0530 (0:00:00.059)       0:13:19.701 ******** 
Tuesday 25 August 2026  19:43:19 +0530 (0:00:00.040)       0:13:19.742 ******** 

TASK [download : Download_file | Set pathname of cached file] ******************
ok: [k8s-cp-0]
ok: [k8s-w-0]
Tuesday 25 August 2026  19:43:19 +0530 (0:00:00.058)       0:13:19.800 ******** 

TASK [download : Download_file | Create dest directory on node] ****************
ok: [k8s-cp-0]
ok: [k8s-w-0]
Tuesday 25 August 2026  19:43:19 +0530 (0:00:00.281)       0:13:20.082 ******** 
Tuesday 25 August 2026  19:43:19 +0530 (0:00:00.030)       0:13:20.113 ******** 
Tuesday 25 August 2026  19:43:19 +0530 (0:00:00.035)       0:13:20.149 ******** 

TASK [download : Download_file | Download item] ********************************
ok: [k8s-cp-0]
ok: [k8s-w-0]
Tuesday 25 August 2026  19:43:20 +0530 (0:00:00.473)       0:13:20.622 ******** 
Tuesday 25 August 2026  19:43:20 +0530 (0:00:00.044)       0:13:20.667 ******** 
Tuesday 25 August 2026  19:43:20 +0530 (0:00:00.040)       0:13:20.708 ******** 
Tuesday 25 August 2026  19:43:20 +0530 (0:00:00.040)       0:13:20.748 ******** 

TASK [download : Download_file | Extract file archives] ************************
included: ~/kubespray/roles/download/tasks/extract_file.yml for k8s-cp-0, k8s-w-0
Tuesday 25 August 2026  19:43:20 +0530 (0:00:00.062)       0:13:20.810 ******** 
Tuesday 25 August 2026  19:43:20 +0530 (0:00:00.047)       0:13:20.858 ******** 

TASK [download : Prep_download | Set a few facts] ******************************
ok: [k8s-cp-0]
ok: [k8s-w-0]
Tuesday 25 August 2026  19:43:20 +0530 (0:00:00.055)       0:13:20.914 ******** 
Tuesday 25 August 2026  19:43:20 +0530 (0:00:00.040)       0:13:20.954 ******** 

TASK [download : Download_file | Set pathname of cached file] ******************
ok: [k8s-cp-0]
ok: [k8s-w-0]
Tuesday 25 August 2026  19:43:20 +0530 (0:00:00.057)       0:13:21.012 ******** 

TASK [download : Download_file | Create dest directory on node] ****************
ok: [k8s-cp-0]
ok: [k8s-w-0]
Tuesday 25 August 2026  19:43:20 +0530 (0:00:00.279)       0:13:21.291 ******** 
Tuesday 25 August 2026  19:43:20 +0530 (0:00:00.031)       0:13:21.322 ******** 
Tuesday 25 August 2026  19:43:20 +0530 (0:00:00.036)       0:13:21.358 ******** 

TASK [download : Download_file | Download item] ********************************
ok: [k8s-cp-0]
ok: [k8s-w-0]
Tuesday 25 August 2026  19:43:21 +0530 (0:00:00.398)       0:13:21.757 ******** 
Tuesday 25 August 2026  19:43:21 +0530 (0:00:00.042)       0:13:21.800 ******** 
Tuesday 25 August 2026  19:43:21 +0530 (0:00:00.040)       0:13:21.841 ******** 
Tuesday 25 August 2026  19:43:21 +0530 (0:00:00.045)       0:13:21.886 ******** 

TASK [download : Download_file | Extract file archives] ************************
included: ~/kubespray/roles/download/tasks/extract_file.yml for k8s-cp-0, k8s-w-0
Tuesday 25 August 2026  19:43:21 +0530 (0:00:00.062)       0:13:21.949 ******** 

TASK [download : Extract_file | Unpacking archive] *****************************
ok: [k8s-cp-0]
ok: [k8s-w-0]
Tuesday 25 August 2026  19:43:22 +0530 (0:00:01.040)       0:13:22.989 ******** 

TASK [download : Prep_download | Set a few facts] ******************************
ok: [k8s-cp-0]
ok: [k8s-w-0]
Tuesday 25 August 2026  19:43:22 +0530 (0:00:00.062)       0:13:23.052 ******** 
Tuesday 25 August 2026  19:43:22 +0530 (0:00:00.049)       0:13:23.101 ******** 

TASK [download : Download_file | Set pathname of cached file] ******************
ok: [k8s-cp-0]
ok: [k8s-w-0]
Tuesday 25 August 2026  19:43:22 +0530 (0:00:00.060)       0:13:23.161 ******** 

TASK [download : Download_file | Create dest directory on node] ****************
ok: [k8s-cp-0]
ok: [k8s-w-0]
Tuesday 25 August 2026  19:43:23 +0530 (0:00:00.291)       0:13:23.453 ******** 
Tuesday 25 August 2026  19:43:23 +0530 (0:00:00.030)       0:13:23.484 ******** 
Tuesday 25 August 2026  19:43:23 +0530 (0:00:00.035)       0:13:23.519 ******** 

TASK [download : Download_file | Download item] ********************************
changed: [k8s-w-0]
changed: [k8s-cp-0]
Tuesday 25 August 2026  19:44:10 +0530 (0:00:47.771)       0:14:11.291 ******** 
Tuesday 25 August 2026  19:44:10 +0530 (0:00:00.045)       0:14:11.336 ******** 
Tuesday 25 August 2026  19:44:10 +0530 (0:00:00.044)       0:14:11.381 ******** 
Tuesday 25 August 2026  19:44:11 +0530 (0:00:00.043)       0:14:11.424 ******** 

TASK [download : Download_file | Extract file archives] ************************
included: ~/kubespray/roles/download/tasks/extract_file.yml for k8s-cp-0, k8s-w-0
Tuesday 25 August 2026  19:44:11 +0530 (0:00:00.066)       0:14:11.490 ******** 
Tuesday 25 August 2026  19:44:11 +0530 (0:00:00.050)       0:14:11.541 ******** 

TASK [download : Set default values for flag variables] ************************
ok: [k8s-cp-0]
ok: [k8s-w-0]
Tuesday 25 August 2026  19:44:11 +0530 (0:00:00.056)       0:14:11.598 ******** 

TASK [download : Set_container_facts | Display the name of the image being processed] ***
ok: [k8s-cp-0] => {
    "msg": "quay.io/calico/node"
}
ok: [k8s-w-0] => {
    "msg": "quay.io/calico/node"
}
Tuesday 25 August 2026  19:44:11 +0530 (0:00:00.060)       0:14:11.658 ******** 

TASK [download : Set_container_facts | Set if containers should be pulled by digest] ***
ok: [k8s-cp-0]
ok: [k8s-w-0]
Tuesday 25 August 2026  19:44:11 +0530 (0:00:00.061)       0:14:11.719 ******** 

TASK [download : Set_container_facts | Define by what name to pull the image] ***
ok: [k8s-cp-0]
ok: [k8s-w-0]
Tuesday 25 August 2026  19:44:11 +0530 (0:00:00.067)       0:14:11.787 ******** 

TASK [download : Set_container_facts | Define file name of image] **************
ok: [k8s-cp-0]
ok: [k8s-w-0]
Tuesday 25 August 2026  19:44:11 +0530 (0:00:00.063)       0:14:11.850 ******** 

TASK [download : Set_container_facts | Define path of image] *******************
ok: [k8s-cp-0]
ok: [k8s-w-0]
Tuesday 25 August 2026  19:44:11 +0530 (0:00:00.061)       0:14:11.912 ******** 
Tuesday 25 August 2026  19:44:11 +0530 (0:00:00.043)       0:14:11.955 ******** 

TASK [download : Set image save/load command for containerd] *******************
ok: [k8s-cp-0]
ok: [k8s-w-0]
Tuesday 25 August 2026  19:44:11 +0530 (0:00:00.061)       0:14:12.017 ******** 
Tuesday 25 August 2026  19:44:11 +0530 (0:00:00.042)       0:14:12.060 ******** 
Tuesday 25 August 2026  19:44:11 +0530 (0:00:00.044)       0:14:12.104 ******** 

TASK [download : Set image save/load command for containerd on localhost] ******
ok: [k8s-cp-0]
ok: [k8s-w-0]
Tuesday 25 August 2026  19:44:11 +0530 (0:00:00.063)       0:14:12.168 ******** 
Tuesday 25 August 2026  19:44:11 +0530 (0:00:00.044)       0:14:12.212 ******** 

TASK [download : Download_container | Prepare container download] **************
included: ~/kubespray/roles/download/tasks/check_pull_required.yml for k8s-cp-0, k8s-w-0
Tuesday 25 August 2026  19:44:11 +0530 (0:00:00.077)       0:14:12.290 ******** 

TASK [download : Check_pull_required |  Generate a list of information about the images on a node] ***
ok: [k8s-cp-0]
ok: [k8s-w-0]
Tuesday 25 August 2026  19:44:12 +0530 (0:00:00.330)       0:14:12.621 ******** 

TASK [download : Check_pull_required | Set pull_required if the desired image is not yet loaded] ***
ok: [k8s-cp-0]
ok: [k8s-w-0]
Tuesday 25 August 2026  19:44:12 +0530 (0:00:00.063)       0:14:12.684 ******** 
Tuesday 25 August 2026  19:44:12 +0530 (0:00:00.048)       0:14:12.732 ******** 

TASK [download : debug] ********************************************************
ok: [k8s-cp-0] => {
    "msg": "Pull quay.io/calico/node:v3.31.5 required is: True"
}
ok: [k8s-w-0] => {
    "msg": "Pull quay.io/calico/node:v3.31.5 required is: True"
}
Tuesday 25 August 2026  19:44:12 +0530 (0:00:00.060)       0:14:12.792 ******** 
Tuesday 25 August 2026  19:44:12 +0530 (0:00:00.045)       0:14:12.838 ******** 
Tuesday 25 August 2026  19:44:12 +0530 (0:00:00.042)       0:14:12.881 ******** 
Tuesday 25 August 2026  19:44:12 +0530 (0:00:00.042)       0:14:12.923 ******** 

TASK [download : Download_container | Download image if required] **************
changed: [k8s-cp-0]
changed: [k8s-w-0]
Tuesday 25 August 2026  19:45:48 +0530 (0:01:35.754)       0:15:48.678 ******** 
Tuesday 25 August 2026  19:45:48 +0530 (0:00:00.047)       0:15:48.726 ******** 
Tuesday 25 August 2026  19:45:48 +0530 (0:00:00.050)       0:15:48.776 ******** 
Tuesday 25 August 2026  19:45:48 +0530 (0:00:00.050)       0:15:48.827 ******** 
Tuesday 25 August 2026  19:45:48 +0530 (0:00:00.049)       0:15:48.876 ******** 

TASK [download : Download_container | Remove container image from cache] *******
ok: [k8s-cp-0]
ok: [k8s-w-0]
Tuesday 25 August 2026  19:45:48 +0530 (0:00:00.310)       0:15:49.187 ******** 

TASK [download : Set default values for flag variables] ************************
ok: [k8s-cp-0]
ok: [k8s-w-0]
Tuesday 25 August 2026  19:45:48 +0530 (0:00:00.070)       0:15:49.258 ******** 

TASK [download : Set_container_facts | Display the name of the image being processed] ***
ok: [k8s-cp-0] => {
    "msg": "quay.io/calico/cni"
}
ok: [k8s-w-0] => {
    "msg": "quay.io/calico/cni"
}
Tuesday 25 August 2026  19:45:48 +0530 (0:00:00.068)       0:15:49.326 ******** 

TASK [download : Set_container_facts | Set if containers should be pulled by digest] ***
ok: [k8s-cp-0]
ok: [k8s-w-0]
Tuesday 25 August 2026  19:45:48 +0530 (0:00:00.065)       0:15:49.391 ******** 

TASK [download : Set_container_facts | Define by what name to pull the image] ***
ok: [k8s-cp-0]
ok: [k8s-w-0]
Tuesday 25 August 2026  19:45:49 +0530 (0:00:00.064)       0:15:49.455 ******** 

TASK [download : Set_container_facts | Define file name of image] **************
ok: [k8s-cp-0]
ok: [k8s-w-0]
Tuesday 25 August 2026  19:45:49 +0530 (0:00:00.061)       0:15:49.517 ******** 

TASK [download : Set_container_facts | Define path of image] *******************
ok: [k8s-cp-0]
ok: [k8s-w-0]
Tuesday 25 August 2026  19:45:49 +0530 (0:00:00.060)       0:15:49.577 ******** 
Tuesday 25 August 2026  19:45:49 +0530 (0:00:00.044)       0:15:49.621 ******** 

TASK [download : Set image save/load command for containerd] *******************
ok: [k8s-cp-0]
ok: [k8s-w-0]
Tuesday 25 August 2026  19:45:49 +0530 (0:00:00.068)       0:15:49.690 ******** 
Tuesday 25 August 2026  19:45:49 +0530 (0:00:00.044)       0:15:49.735 ******** 
Tuesday 25 August 2026  19:45:49 +0530 (0:00:00.045)       0:15:49.780 ******** 

TASK [download : Set image save/load command for containerd on localhost] ******
ok: [k8s-cp-0]
ok: [k8s-w-0]
Tuesday 25 August 2026  19:45:49 +0530 (0:00:00.063)       0:15:49.844 ******** 
Tuesday 25 August 2026  19:45:49 +0530 (0:00:00.046)       0:15:49.891 ******** 

TASK [download : Download_container | Prepare container download] **************
included: ~/kubespray/roles/download/tasks/check_pull_required.yml for k8s-cp-0, k8s-w-0
Tuesday 25 August 2026  19:45:49 +0530 (0:00:00.077)       0:15:49.968 ******** 

TASK [download : Check_pull_required |  Generate a list of information about the images on a node] ***
ok: [k8s-w-0]
ok: [k8s-cp-0]
Tuesday 25 August 2026  19:45:49 +0530 (0:00:00.387)       0:15:50.356 ******** 

TASK [download : Check_pull_required | Set pull_required if the desired image is not yet loaded] ***
ok: [k8s-cp-0]
ok: [k8s-w-0]
Tuesday 25 August 2026  19:45:50 +0530 (0:00:00.068)       0:15:50.424 ******** 
Tuesday 25 August 2026  19:45:50 +0530 (0:00:00.048)       0:15:50.473 ******** 

TASK [download : debug] ********************************************************
ok: [k8s-cp-0] => {
    "msg": "Pull quay.io/calico/cni:v3.31.5 required is: True"
}
ok: [k8s-w-0] => {
    "msg": "Pull quay.io/calico/cni:v3.31.5 required is: True"
}
Tuesday 25 August 2026  19:45:50 +0530 (0:00:00.061)       0:15:50.535 ******** 
Tuesday 25 August 2026  19:45:50 +0530 (0:00:00.048)       0:15:50.583 ******** 
Tuesday 25 August 2026  19:45:50 +0530 (0:00:00.043)       0:15:50.627 ******** 
Tuesday 25 August 2026  19:45:50 +0530 (0:00:00.044)       0:15:50.672 ******** 

TASK [download : Download_container | Download image if required] **************
changed: [k8s-cp-0]
changed: [k8s-w-0]
Tuesday 25 August 2026  19:46:33 +0530 (0:00:43.026)       0:16:33.698 ******** 
Tuesday 25 August 2026  19:46:33 +0530 (0:00:00.196)       0:16:33.895 ******** 
Tuesday 25 August 2026  19:46:33 +0530 (0:00:00.162)       0:16:34.058 ******** 
Tuesday 25 August 2026  19:46:33 +0530 (0:00:00.045)       0:16:34.103 ******** 
Tuesday 25 August 2026  19:46:33 +0530 (0:00:00.046)       0:16:34.149 ******** 

TASK [download : Download_container | Remove container image from cache] *******
ok: [k8s-w-0]
ok: [k8s-cp-0]
Tuesday 25 August 2026  19:46:34 +0530 (0:00:00.435)       0:16:34.585 ******** 

TASK [download : Set default values for flag variables] ************************
ok: [k8s-cp-0]
ok: [k8s-w-0]
Tuesday 25 August 2026  19:46:34 +0530 (0:00:00.062)       0:16:34.647 ******** 

TASK [download : Set_container_facts | Display the name of the image being processed] ***
ok: [k8s-cp-0] => {
    "msg": "quay.io/calico/kube-controllers"
}
ok: [k8s-w-0] => {
    "msg": "quay.io/calico/kube-controllers"
}
Tuesday 25 August 2026  19:46:34 +0530 (0:00:00.062)       0:16:34.710 ******** 

TASK [download : Set_container_facts | Set if containers should be pulled by digest] ***
ok: [k8s-cp-0]
ok: [k8s-w-0]
Tuesday 25 August 2026  19:46:34 +0530 (0:00:00.061)       0:16:34.772 ******** 

TASK [download : Set_container_facts | Define by what name to pull the image] ***
ok: [k8s-cp-0]
ok: [k8s-w-0]
Tuesday 25 August 2026  19:46:34 +0530 (0:00:00.062)       0:16:34.834 ******** 

TASK [download : Set_container_facts | Define file name of image] **************
ok: [k8s-cp-0]
ok: [k8s-w-0]
Tuesday 25 August 2026  19:46:34 +0530 (0:00:00.061)       0:16:34.896 ******** 

TASK [download : Set_container_facts | Define path of image] *******************
ok: [k8s-cp-0]
ok: [k8s-w-0]
Tuesday 25 August 2026  19:46:34 +0530 (0:00:00.060)       0:16:34.956 ******** 
Tuesday 25 August 2026  19:46:34 +0530 (0:00:00.044)       0:16:35.001 ******** 

TASK [download : Set image save/load command for containerd] *******************
ok: [k8s-cp-0]
ok: [k8s-w-0]
Tuesday 25 August 2026  19:46:34 +0530 (0:00:00.062)       0:16:35.063 ******** 
Tuesday 25 August 2026  19:46:34 +0530 (0:00:00.045)       0:16:35.109 ******** 
Tuesday 25 August 2026  19:46:34 +0530 (0:00:00.045)       0:16:35.154 ******** 

TASK [download : Set image save/load command for containerd on localhost] ******
ok: [k8s-cp-0]
ok: [k8s-w-0]
Tuesday 25 August 2026  19:46:34 +0530 (0:00:00.063)       0:16:35.218 ******** 
Tuesday 25 August 2026  19:46:34 +0530 (0:00:00.046)       0:16:35.265 ******** 

TASK [download : Download_container | Prepare container download] **************
included: ~/kubespray/roles/download/tasks/check_pull_required.yml for k8s-cp-0, k8s-w-0
Tuesday 25 August 2026  19:46:34 +0530 (0:00:00.077)       0:16:35.342 ******** 

TASK [download : Check_pull_required |  Generate a list of information about the images on a node] ***
ok: [k8s-cp-0]
ok: [k8s-w-0]
Tuesday 25 August 2026  19:46:35 +0530 (0:00:00.340)       0:16:35.682 ******** 

TASK [download : Check_pull_required | Set pull_required if the desired image is not yet loaded] ***
ok: [k8s-cp-0]
ok: [k8s-w-0]
Tuesday 25 August 2026  19:46:35 +0530 (0:00:00.071)       0:16:35.754 ******** 
Tuesday 25 August 2026  19:46:35 +0530 (0:00:00.049)       0:16:35.804 ******** 

TASK [download : debug] ********************************************************
ok: [k8s-cp-0] => {
    "msg": "Pull quay.io/calico/kube-controllers:v3.31.5 required is: True"
}
ok: [k8s-w-0] => {
    "msg": "Pull quay.io/calico/kube-controllers:v3.31.5 required is: True"
}
Tuesday 25 August 2026  19:46:35 +0530 (0:00:00.064)       0:16:35.869 ******** 
Tuesday 25 August 2026  19:46:35 +0530 (0:00:00.048)       0:16:35.917 ******** 
Tuesday 25 August 2026  19:46:35 +0530 (0:00:00.044)       0:16:35.962 ******** 
Tuesday 25 August 2026  19:46:35 +0530 (0:00:00.043)       0:16:36.005 ******** 

TASK [download : Download_container | Download image if required] **************
changed: [k8s-w-0]
changed: [k8s-cp-0]
Tuesday 25 August 2026  19:47:07 +0530 (0:00:32.306)       0:17:08.312 ******** 
Tuesday 25 August 2026  19:47:07 +0530 (0:00:00.043)       0:17:08.356 ******** 
Tuesday 25 August 2026  19:47:08 +0530 (0:00:00.047)       0:17:08.404 ******** 
Tuesday 25 August 2026  19:47:08 +0530 (0:00:00.045)       0:17:08.450 ******** 
Tuesday 25 August 2026  19:47:08 +0530 (0:00:00.045)       0:17:08.495 ******** 

TASK [download : Download_container | Remove container image from cache] *******
ok: [k8s-w-0]
ok: [k8s-cp-0]
Tuesday 25 August 2026  19:47:08 +0530 (0:00:00.285)       0:17:08.781 ******** 

TASK [download : Prep_download | Set a few facts] ******************************
ok: [k8s-cp-0]
Tuesday 25 August 2026  19:47:08 +0530 (0:00:00.050)       0:17:08.831 ******** 
Tuesday 25 August 2026  19:47:08 +0530 (0:00:00.030)       0:17:08.862 ******** 

TASK [download : Download_file | Set pathname of cached file] ******************
ok: [k8s-cp-0]
Tuesday 25 August 2026  19:47:08 +0530 (0:00:00.047)       0:17:08.910 ******** 

TASK [download : Download_file | Create dest directory on node] ****************
changed: [k8s-cp-0]
Tuesday 25 August 2026  19:47:08 +0530 (0:00:00.339)       0:17:09.249 ******** 
Tuesday 25 August 2026  19:47:08 +0530 (0:00:00.031)       0:17:09.280 ******** 
Tuesday 25 August 2026  19:47:08 +0530 (0:00:00.038)       0:17:09.318 ******** 

TASK [download : Download_file | Download item] ********************************
changed: [k8s-cp-0]
Tuesday 25 August 2026  19:47:11 +0530 (0:00:02.142)       0:17:11.461 ******** 
Tuesday 25 August 2026  19:47:11 +0530 (0:00:00.028)       0:17:11.489 ******** 
Tuesday 25 August 2026  19:47:11 +0530 (0:00:00.026)       0:17:11.516 ******** 
Tuesday 25 August 2026  19:47:11 +0530 (0:00:00.025)       0:17:11.542 ******** 

TASK [download : Download_file | Extract file archives] ************************
included: ~/kubespray/roles/download/tasks/extract_file.yml for k8s-cp-0
Tuesday 25 August 2026  19:47:11 +0530 (0:00:00.062)       0:17:11.605 ******** 
Tuesday 25 August 2026  19:47:11 +0530 (0:00:00.031)       0:17:11.636 ******** 

TASK [download : Set default values for flag variables] ************************
ok: [k8s-cp-0]
ok: [k8s-w-0]
Tuesday 25 August 2026  19:47:11 +0530 (0:00:00.058)       0:17:11.695 ******** 

TASK [download : Set_container_facts | Display the name of the image being processed] ***
ok: [k8s-cp-0] => {
    "msg": "registry.k8s.io/pause"
}
ok: [k8s-w-0] => {
    "msg": "registry.k8s.io/pause"
}
Tuesday 25 August 2026  19:47:11 +0530 (0:00:00.060)       0:17:11.756 ******** 

TASK [download : Set_container_facts | Set if containers should be pulled by digest] ***
ok: [k8s-cp-0]
ok: [k8s-w-0]
Tuesday 25 August 2026  19:47:11 +0530 (0:00:00.060)       0:17:11.816 ******** 

TASK [download : Set_container_facts | Define by what name to pull the image] ***
ok: [k8s-cp-0]
ok: [k8s-w-0]
Tuesday 25 August 2026  19:47:11 +0530 (0:00:00.058)       0:17:11.875 ******** 

TASK [download : Set_container_facts | Define file name of image] **************
ok: [k8s-cp-0]
ok: [k8s-w-0]
Tuesday 25 August 2026  19:47:11 +0530 (0:00:00.059)       0:17:11.934 ******** 

TASK [download : Set_container_facts | Define path of image] *******************
ok: [k8s-cp-0]
ok: [k8s-w-0]
Tuesday 25 August 2026  19:47:11 +0530 (0:00:00.059)       0:17:11.994 ******** 
Tuesday 25 August 2026  19:47:11 +0530 (0:00:00.045)       0:17:12.040 ******** 

TASK [download : Set image save/load command for containerd] *******************
ok: [k8s-cp-0]
ok: [k8s-w-0]
Tuesday 25 August 2026  19:47:11 +0530 (0:00:00.067)       0:17:12.107 ******** 
Tuesday 25 August 2026  19:47:11 +0530 (0:00:00.042)       0:17:12.149 ******** 
Tuesday 25 August 2026  19:47:11 +0530 (0:00:00.046)       0:17:12.196 ******** 

TASK [download : Set image save/load command for containerd on localhost] ******
ok: [k8s-cp-0]
ok: [k8s-w-0]
Tuesday 25 August 2026  19:47:11 +0530 (0:00:00.063)       0:17:12.260 ******** 
Tuesday 25 August 2026  19:47:11 +0530 (0:00:00.056)       0:17:12.316 ******** 

TASK [download : Download_container | Prepare container download] **************
included: ~/kubespray/roles/download/tasks/check_pull_required.yml for k8s-cp-0, k8s-w-0
Tuesday 25 August 2026  19:47:11 +0530 (0:00:00.074)       0:17:12.390 ******** 

TASK [download : Check_pull_required |  Generate a list of information about the images on a node] ***
ok: [k8s-cp-0]
ok: [k8s-w-0]
Tuesday 25 August 2026  19:47:12 +0530 (0:00:00.354)       0:17:12.745 ******** 

TASK [download : Check_pull_required | Set pull_required if the desired image is not yet loaded] ***
ok: [k8s-cp-0]
ok: [k8s-w-0]
Tuesday 25 August 2026  19:47:12 +0530 (0:00:00.065)       0:17:12.810 ******** 
Tuesday 25 August 2026  19:47:12 +0530 (0:00:00.046)       0:17:12.857 ******** 

TASK [download : debug] ********************************************************
ok: [k8s-cp-0] => {
    "msg": "Pull registry.k8s.io/pause:3.10.1 required is: True"
}
ok: [k8s-w-0] => {
    "msg": "Pull registry.k8s.io/pause:3.10.1 required is: True"
}
Tuesday 25 August 2026  19:47:12 +0530 (0:00:00.062)       0:17:12.920 ******** 
Tuesday 25 August 2026  19:47:12 +0530 (0:00:00.049)       0:17:12.969 ******** 
Tuesday 25 August 2026  19:47:12 +0530 (0:00:00.053)       0:17:13.023 ******** 
Tuesday 25 August 2026  19:47:12 +0530 (0:00:00.057)       0:17:13.080 ******** 

TASK [download : Download_container | Download image if required] **************
changed: [k8s-cp-0]
changed: [k8s-w-0]
Tuesday 25 August 2026  19:47:15 +0530 (0:00:02.597)       0:17:15.677 ******** 
Tuesday 25 August 2026  19:47:15 +0530 (0:00:00.042)       0:17:15.720 ******** 
Tuesday 25 August 2026  19:47:15 +0530 (0:00:00.043)       0:17:15.764 ******** 
Tuesday 25 August 2026  19:47:15 +0530 (0:00:00.044)       0:17:15.808 ******** 
Tuesday 25 August 2026  19:47:15 +0530 (0:00:00.043)       0:17:15.851 ******** 

TASK [download : Download_container | Remove container image from cache] *******
ok: [k8s-w-0]
ok: [k8s-cp-0]
Tuesday 25 August 2026  19:47:15 +0530 (0:00:00.260)       0:17:16.111 ******** 

TASK [download : Set default values for flag variables] ************************
ok: [k8s-cp-0]
ok: [k8s-w-0]
Tuesday 25 August 2026  19:47:15 +0530 (0:00:00.061)       0:17:16.173 ******** 

TASK [download : Set_container_facts | Display the name of the image being processed] ***
ok: [k8s-cp-0] => {
    "msg": "docker.io/library/nginx"
}
ok: [k8s-w-0] => {
    "msg": "docker.io/library/nginx"
}
Tuesday 25 August 2026  19:47:15 +0530 (0:00:00.061)       0:17:16.234 ******** 

TASK [download : Set_container_facts | Set if containers should be pulled by digest] ***
ok: [k8s-cp-0]
ok: [k8s-w-0]
Tuesday 25 August 2026  19:47:15 +0530 (0:00:00.060)       0:17:16.295 ******** 

TASK [download : Set_container_facts | Define by what name to pull the image] ***
ok: [k8s-cp-0]
ok: [k8s-w-0]
Tuesday 25 August 2026  19:47:15 +0530 (0:00:00.066)       0:17:16.362 ******** 

TASK [download : Set_container_facts | Define file name of image] **************
ok: [k8s-cp-0]
ok: [k8s-w-0]
Tuesday 25 August 2026  19:47:16 +0530 (0:00:00.057)       0:17:16.420 ******** 

TASK [download : Set_container_facts | Define path of image] *******************
ok: [k8s-cp-0]
ok: [k8s-w-0]
Tuesday 25 August 2026  19:47:16 +0530 (0:00:00.059)       0:17:16.479 ******** 
Tuesday 25 August 2026  19:47:16 +0530 (0:00:00.044)       0:17:16.523 ******** 

TASK [download : Set image save/load command for containerd] *******************
ok: [k8s-cp-0]
ok: [k8s-w-0]
Tuesday 25 August 2026  19:47:16 +0530 (0:00:00.065)       0:17:16.589 ******** 
Tuesday 25 August 2026  19:47:16 +0530 (0:00:00.043)       0:17:16.632 ******** 
Tuesday 25 August 2026  19:47:16 +0530 (0:00:00.043)       0:17:16.676 ******** 

TASK [download : Set image save/load command for containerd on localhost] ******
ok: [k8s-cp-0]
ok: [k8s-w-0]
Tuesday 25 August 2026  19:47:16 +0530 (0:00:00.061)       0:17:16.738 ******** 
Tuesday 25 August 2026  19:47:16 +0530 (0:00:00.043)       0:17:16.781 ******** 

TASK [download : Download_container | Prepare container download] **************
included: ~/kubespray/roles/download/tasks/check_pull_required.yml for k8s-cp-0, k8s-w-0
Tuesday 25 August 2026  19:47:16 +0530 (0:00:00.075)       0:17:16.857 ******** 

TASK [download : Check_pull_required |  Generate a list of information about the images on a node] ***
ok: [k8s-cp-0]
ok: [k8s-w-0]
Tuesday 25 August 2026  19:47:16 +0530 (0:00:00.349)       0:17:17.206 ******** 

TASK [download : Check_pull_required | Set pull_required if the desired image is not yet loaded] ***
ok: [k8s-cp-0]
ok: [k8s-w-0]
Tuesday 25 August 2026  19:47:16 +0530 (0:00:00.062)       0:17:17.269 ******** 
Tuesday 25 August 2026  19:47:16 +0530 (0:00:00.052)       0:17:17.321 ******** 

TASK [download : debug] ********************************************************
ok: [k8s-cp-0] => {
    "msg": "Pull docker.io/library/nginx:1.28.2-alpine required is: True"
}
ok: [k8s-w-0] => {
    "msg": "Pull docker.io/library/nginx:1.28.2-alpine required is: True"
}
Tuesday 25 August 2026  19:47:16 +0530 (0:00:00.057)       0:17:17.379 ******** 
Tuesday 25 August 2026  19:47:17 +0530 (0:00:00.047)       0:17:17.426 ******** 
Tuesday 25 August 2026  19:47:17 +0530 (0:00:00.048)       0:17:17.474 ******** 
Tuesday 25 August 2026  19:47:17 +0530 (0:00:00.042)       0:17:17.517 ******** 

TASK [download : Download_container | Download image if required] **************
changed: [k8s-w-0]
changed: [k8s-cp-0]
Tuesday 25 August 2026  19:47:38 +0530 (0:00:21.759)       0:17:39.276 ******** 
Tuesday 25 August 2026  19:47:38 +0530 (0:00:00.044)       0:17:39.321 ******** 
Tuesday 25 August 2026  19:47:38 +0530 (0:00:00.050)       0:17:39.372 ******** 
Tuesday 25 August 2026  19:47:39 +0530 (0:00:00.049)       0:17:39.421 ******** 
Tuesday 25 August 2026  19:47:39 +0530 (0:00:00.048)       0:17:39.469 ******** 

TASK [download : Download_container | Remove container image from cache] *******
ok: [k8s-cp-0]
ok: [k8s-w-0]
Tuesday 25 August 2026  19:47:39 +0530 (0:00:00.280)       0:17:39.750 ******** 

TASK [download : Set default values for flag variables] ************************
ok: [k8s-cp-0]
ok: [k8s-w-0]
Tuesday 25 August 2026  19:47:39 +0530 (0:00:00.062)       0:17:39.812 ******** 

TASK [download : Set_container_facts | Display the name of the image being processed] ***
ok: [k8s-cp-0] => {
    "msg": "registry.k8s.io/coredns/coredns"
}
ok: [k8s-w-0] => {
    "msg": "registry.k8s.io/coredns/coredns"
}
Tuesday 25 August 2026  19:47:39 +0530 (0:00:00.062)       0:17:39.875 ******** 

TASK [download : Set_container_facts | Set if containers should be pulled by digest] ***
ok: [k8s-cp-0]
ok: [k8s-w-0]
Tuesday 25 August 2026  19:47:39 +0530 (0:00:00.061)       0:17:39.936 ******** 

TASK [download : Set_container_facts | Define by what name to pull the image] ***
ok: [k8s-cp-0]
ok: [k8s-w-0]
Tuesday 25 August 2026  19:47:39 +0530 (0:00:00.061)       0:17:39.998 ******** 

TASK [download : Set_container_facts | Define file name of image] **************
ok: [k8s-cp-0]
ok: [k8s-w-0]
Tuesday 25 August 2026  19:47:39 +0530 (0:00:00.057)       0:17:40.056 ******** 

TASK [download : Set_container_facts | Define path of image] *******************
ok: [k8s-cp-0]
ok: [k8s-w-0]
Tuesday 25 August 2026  19:47:39 +0530 (0:00:00.059)       0:17:40.115 ******** 
Tuesday 25 August 2026  19:47:39 +0530 (0:00:00.043)       0:17:40.159 ******** 

TASK [download : Set image save/load command for containerd] *******************
ok: [k8s-cp-0]
ok: [k8s-w-0]
Tuesday 25 August 2026  19:47:39 +0530 (0:00:00.061)       0:17:40.220 ******** 
Tuesday 25 August 2026  19:47:39 +0530 (0:00:00.044)       0:17:40.264 ******** 
Tuesday 25 August 2026  19:47:39 +0530 (0:00:00.047)       0:17:40.312 ******** 

TASK [download : Set image save/load command for containerd on localhost] ******
ok: [k8s-cp-0]
ok: [k8s-w-0]
Tuesday 25 August 2026  19:47:39 +0530 (0:00:00.063)       0:17:40.375 ******** 
Tuesday 25 August 2026  19:47:40 +0530 (0:00:00.052)       0:17:40.428 ******** 

TASK [download : Download_container | Prepare container download] **************
included: ~/kubespray/roles/download/tasks/check_pull_required.yml for k8s-cp-0, k8s-w-0
Tuesday 25 August 2026  19:47:40 +0530 (0:00:00.088)       0:17:40.516 ******** 

TASK [download : Check_pull_required |  Generate a list of information about the images on a node] ***
ok: [k8s-cp-0]
ok: [k8s-w-0]
Tuesday 25 August 2026  19:47:40 +0530 (0:00:00.366)       0:17:40.883 ******** 

TASK [download : Check_pull_required | Set pull_required if the desired image is not yet loaded] ***
ok: [k8s-cp-0]
ok: [k8s-w-0]
Tuesday 25 August 2026  19:47:40 +0530 (0:00:00.064)       0:17:40.948 ******** 
Tuesday 25 August 2026  19:47:40 +0530 (0:00:00.047)       0:17:40.996 ******** 

TASK [download : debug] ********************************************************
ok: [k8s-cp-0] => {
    "msg": "Pull registry.k8s.io/coredns/coredns:v1.12.4 required is: True"
}
ok: [k8s-w-0] => {
    "msg": "Pull registry.k8s.io/coredns/coredns:v1.12.4 required is: True"
}
Tuesday 25 August 2026  19:47:40 +0530 (0:00:00.061)       0:17:41.057 ******** 
Tuesday 25 August 2026  19:47:40 +0530 (0:00:00.046)       0:17:41.104 ******** 
Tuesday 25 August 2026  19:47:40 +0530 (0:00:00.043)       0:17:41.148 ******** 
Tuesday 25 August 2026  19:47:40 +0530 (0:00:00.055)       0:17:41.203 ******** 

TASK [download : Download_container | Download image if required] **************
changed: [k8s-cp-0]
changed: [k8s-w-0]
Tuesday 25 August 2026  19:48:13 +0530 (0:00:32.634)       0:18:13.838 ******** 
Tuesday 25 August 2026  19:48:13 +0530 (0:00:00.050)       0:18:13.889 ******** 
Tuesday 25 August 2026  19:48:13 +0530 (0:00:00.057)       0:18:13.946 ******** 
Tuesday 25 August 2026  19:48:13 +0530 (0:00:00.059)       0:18:14.006 ******** 
Tuesday 25 August 2026  19:48:13 +0530 (0:00:00.054)       0:18:14.060 ******** 

TASK [download : Download_container | Remove container image from cache] *******
ok: [k8s-cp-0]
ok: [k8s-w-0]
Tuesday 25 August 2026  19:48:13 +0530 (0:00:00.295)       0:18:14.356 ******** 

TASK [download : Set default values for flag variables] ************************
ok: [k8s-cp-0]
ok: [k8s-w-0]
Tuesday 25 August 2026  19:48:14 +0530 (0:00:00.066)       0:18:14.423 ******** 

TASK [download : Set_container_facts | Display the name of the image being processed] ***
ok: [k8s-cp-0] => {
    "msg": "registry.k8s.io/dns/k8s-dns-node-cache"
}
ok: [k8s-w-0] => {
    "msg": "registry.k8s.io/dns/k8s-dns-node-cache"
}
Tuesday 25 August 2026  19:48:14 +0530 (0:00:00.066)       0:18:14.490 ******** 

TASK [download : Set_container_facts | Set if containers should be pulled by digest] ***
ok: [k8s-cp-0]
ok: [k8s-w-0]
Tuesday 25 August 2026  19:48:14 +0530 (0:00:00.066)       0:18:14.556 ******** 

TASK [download : Set_container_facts | Define by what name to pull the image] ***
ok: [k8s-cp-0]
ok: [k8s-w-0]
Tuesday 25 August 2026  19:48:14 +0530 (0:00:00.084)       0:18:14.641 ******** 

TASK [download : Set_container_facts | Define file name of image] **************
ok: [k8s-cp-0]
ok: [k8s-w-0]
Tuesday 25 August 2026  19:48:14 +0530 (0:00:00.078)       0:18:14.719 ******** 

TASK [download : Set_container_facts | Define path of image] *******************
ok: [k8s-cp-0]
ok: [k8s-w-0]
Tuesday 25 August 2026  19:48:14 +0530 (0:00:00.070)       0:18:14.790 ******** 
Tuesday 25 August 2026  19:48:14 +0530 (0:00:00.052)       0:18:14.842 ******** 

TASK [download : Set image save/load command for containerd] *******************
ok: [k8s-cp-0]
ok: [k8s-w-0]
Tuesday 25 August 2026  19:48:14 +0530 (0:00:00.073)       0:18:14.916 ******** 
Tuesday 25 August 2026  19:48:14 +0530 (0:00:00.053)       0:18:14.969 ******** 
Tuesday 25 August 2026  19:48:14 +0530 (0:00:00.054)       0:18:15.023 ******** 

TASK [download : Set image save/load command for containerd on localhost] ******
ok: [k8s-cp-0]
ok: [k8s-w-0]
Tuesday 25 August 2026  19:48:14 +0530 (0:00:00.076)       0:18:15.100 ******** 
Tuesday 25 August 2026  19:48:14 +0530 (0:00:00.054)       0:18:15.154 ******** 

TASK [download : Download_container | Prepare container download] **************
included: ~/kubespray/roles/download/tasks/check_pull_required.yml for k8s-cp-0, k8s-w-0
Tuesday 25 August 2026  19:48:14 +0530 (0:00:00.089)       0:18:15.243 ******** 

TASK [download : Check_pull_required |  Generate a list of information about the images on a node] ***
ok: [k8s-w-0]
ok: [k8s-cp-0]
Tuesday 25 August 2026  19:48:15 +0530 (0:00:00.622)       0:18:15.866 ******** 

TASK [download : Check_pull_required | Set pull_required if the desired image is not yet loaded] ***
ok: [k8s-cp-0]
ok: [k8s-w-0]
Tuesday 25 August 2026  19:48:15 +0530 (0:00:00.064)       0:18:15.931 ******** 
Tuesday 25 August 2026  19:48:15 +0530 (0:00:00.046)       0:18:15.978 ******** 

TASK [download : debug] ********************************************************
ok: [k8s-cp-0] => {
    "msg": "Pull registry.k8s.io/dns/k8s-dns-node-cache:1.25.0 required is: True"
}
ok: [k8s-w-0] => {
    "msg": "Pull registry.k8s.io/dns/k8s-dns-node-cache:1.25.0 required is: True"
}
Tuesday 25 August 2026  19:48:15 +0530 (0:00:00.061)       0:18:16.039 ******** 
Tuesday 25 August 2026  19:48:15 +0530 (0:00:00.048)       0:18:16.087 ******** 
Tuesday 25 August 2026  19:48:15 +0530 (0:00:00.045)       0:18:16.133 ******** 
Tuesday 25 August 2026  19:48:15 +0530 (0:00:00.045)       0:18:16.178 ******** 

TASK [download : Download_container | Download image if required] **************
changed: [k8s-w-0]
changed: [k8s-cp-0]
Tuesday 25 August 2026  19:48:52 +0530 (0:00:36.875)       0:18:53.054 ******** 
Tuesday 25 August 2026  19:48:52 +0530 (0:00:00.043)       0:18:53.097 ******** 
Tuesday 25 August 2026  19:48:52 +0530 (0:00:00.045)       0:18:53.143 ******** 
Tuesday 25 August 2026  19:48:52 +0530 (0:00:00.046)       0:18:53.189 ******** 
Tuesday 25 August 2026  19:48:52 +0530 (0:00:00.048)       0:18:53.238 ******** 

TASK [download : Download_container | Remove container image from cache] *******
ok: [k8s-cp-0]
ok: [k8s-w-0]
Tuesday 25 August 2026  19:48:53 +0530 (0:00:00.274)       0:18:53.513 ******** 

TASK [download : Set default values for flag variables] ************************
ok: [k8s-cp-0]
Tuesday 25 August 2026  19:48:53 +0530 (0:00:00.044)       0:18:53.558 ******** 

TASK [download : Set_container_facts | Display the name of the image being processed] ***
ok: [k8s-cp-0] => {
    "msg": "registry.k8s.io/cpa/cluster-proportional-autoscaler"
}
Tuesday 25 August 2026  19:48:53 +0530 (0:00:00.045)       0:18:53.603 ******** 

TASK [download : Set_container_facts | Set if containers should be pulled by digest] ***
ok: [k8s-cp-0]
Tuesday 25 August 2026  19:48:53 +0530 (0:00:00.043)       0:18:53.646 ******** 

TASK [download : Set_container_facts | Define by what name to pull the image] ***
ok: [k8s-cp-0]
Tuesday 25 August 2026  19:48:53 +0530 (0:00:00.043)       0:18:53.689 ******** 

TASK [download : Set_container_facts | Define file name of image] **************
ok: [k8s-cp-0]
Tuesday 25 August 2026  19:48:53 +0530 (0:00:00.047)       0:18:53.737 ******** 

TASK [download : Set_container_facts | Define path of image] *******************
ok: [k8s-cp-0]
Tuesday 25 August 2026  19:48:53 +0530 (0:00:00.042)       0:18:53.780 ******** 
Tuesday 25 August 2026  19:48:53 +0530 (0:00:00.027)       0:18:53.808 ******** 

TASK [download : Set image save/load command for containerd] *******************
ok: [k8s-cp-0]
Tuesday 25 August 2026  19:48:53 +0530 (0:00:00.111)       0:18:53.919 ******** 
Tuesday 25 August 2026  19:48:53 +0530 (0:00:00.027)       0:18:53.947 ******** 
Tuesday 25 August 2026  19:48:53 +0530 (0:00:00.034)       0:18:53.981 ******** 

TASK [download : Set image save/load command for containerd on localhost] ******
ok: [k8s-cp-0]
Tuesday 25 August 2026  19:48:53 +0530 (0:00:00.045)       0:18:54.027 ******** 
Tuesday 25 August 2026  19:48:53 +0530 (0:00:00.027)       0:18:54.055 ******** 

TASK [download : Download_container | Prepare container download] **************
included: ~/kubespray/roles/download/tasks/check_pull_required.yml for k8s-cp-0
Tuesday 25 August 2026  19:48:53 +0530 (0:00:00.044)       0:18:54.099 ******** 

TASK [download : Check_pull_required |  Generate a list of information about the images on a node] ***
ok: [k8s-cp-0]
Tuesday 25 August 2026  19:48:54 +0530 (0:00:00.374)       0:18:54.474 ******** 

TASK [download : Check_pull_required | Set pull_required if the desired image is not yet loaded] ***
ok: [k8s-cp-0]
Tuesday 25 August 2026  19:48:54 +0530 (0:00:00.048)       0:18:54.522 ******** 
Tuesday 25 August 2026  19:48:54 +0530 (0:00:00.029)       0:18:54.552 ******** 

TASK [download : debug] ********************************************************
ok: [k8s-cp-0] => {
    "msg": "Pull registry.k8s.io/cpa/cluster-proportional-autoscaler:v1.8.8 required is: True"
}
Tuesday 25 August 2026  19:48:54 +0530 (0:00:00.040)       0:18:54.593 ******** 
Tuesday 25 August 2026  19:48:54 +0530 (0:00:00.028)       0:18:54.622 ******** 
Tuesday 25 August 2026  19:48:54 +0530 (0:00:00.027)       0:18:54.649 ******** 
Tuesday 25 August 2026  19:48:54 +0530 (0:00:00.027)       0:18:54.676 ******** 

TASK [download : Download_container | Download image if required] **************
changed: [k8s-cp-0]
Tuesday 25 August 2026  19:49:11 +0530 (0:00:17.369)       0:19:12.045 ******** 
Tuesday 25 August 2026  19:49:11 +0530 (0:00:00.042)       0:19:12.088 ******** 
Tuesday 25 August 2026  19:49:11 +0530 (0:00:00.027)       0:19:12.116 ******** 
Tuesday 25 August 2026  19:49:11 +0530 (0:00:00.029)       0:19:12.145 ******** 
Tuesday 25 August 2026  19:49:11 +0530 (0:00:00.026)       0:19:12.172 ******** 

TASK [download : Download_container | Remove container image from cache] *******
ok: [k8s-cp-0]
Tuesday 25 August 2026  19:49:12 +0530 (0:00:00.239)       0:19:12.412 ******** 

TASK [download : Set default values for flag variables] ************************
ok: [k8s-cp-0]
ok: [k8s-w-0]
Tuesday 25 August 2026  19:49:12 +0530 (0:00:00.060)       0:19:12.472 ******** 

TASK [download : Set_container_facts | Display the name of the image being processed] ***
ok: [k8s-cp-0] => {
    "msg": "registry.k8s.io/kube-apiserver"
}
ok: [k8s-w-0] => {
    "msg": "registry.k8s.io/kube-apiserver"
}
Tuesday 25 August 2026  19:49:12 +0530 (0:00:00.059)       0:19:12.531 ******** 

TASK [download : Set_container_facts | Set if containers should be pulled by digest] ***
ok: [k8s-cp-0]
ok: [k8s-w-0]
Tuesday 25 August 2026  19:49:12 +0530 (0:00:00.066)       0:19:12.597 ******** 

TASK [download : Set_container_facts | Define by what name to pull the image] ***
ok: [k8s-cp-0]
ok: [k8s-w-0]
Tuesday 25 August 2026  19:49:12 +0530 (0:00:00.060)       0:19:12.658 ******** 

TASK [download : Set_container_facts | Define file name of image] **************
ok: [k8s-cp-0]
ok: [k8s-w-0]
Tuesday 25 August 2026  19:49:12 +0530 (0:00:00.059)       0:19:12.718 ******** 

TASK [download : Set_container_facts | Define path of image] *******************
ok: [k8s-cp-0]
ok: [k8s-w-0]
Tuesday 25 August 2026  19:49:12 +0530 (0:00:00.061)       0:19:12.779 ******** 
Tuesday 25 August 2026  19:49:12 +0530 (0:00:00.048)       0:19:12.828 ******** 

TASK [download : Set image save/load command for containerd] *******************
ok: [k8s-cp-0]
ok: [k8s-w-0]
Tuesday 25 August 2026  19:49:12 +0530 (0:00:00.066)       0:19:12.894 ******** 
Tuesday 25 August 2026  19:49:12 +0530 (0:00:00.055)       0:19:12.950 ******** 
Tuesday 25 August 2026  19:49:12 +0530 (0:00:00.056)       0:19:13.006 ******** 

TASK [download : Set image save/load command for containerd on localhost] ******
ok: [k8s-cp-0]
ok: [k8s-w-0]
Tuesday 25 August 2026  19:49:12 +0530 (0:00:00.082)       0:19:13.089 ******** 
Tuesday 25 August 2026  19:49:12 +0530 (0:00:00.049)       0:19:13.139 ******** 

TASK [download : Download_container | Prepare container download] **************
included: ~/kubespray/roles/download/tasks/check_pull_required.yml for k8s-cp-0, k8s-w-0
Tuesday 25 August 2026  19:49:12 +0530 (0:00:00.251)       0:19:13.391 ******** 

TASK [download : Check_pull_required |  Generate a list of information about the images on a node] ***
ok: [k8s-cp-0]
ok: [k8s-w-0]
Tuesday 25 August 2026  19:49:13 +0530 (0:00:00.477)       0:19:13.869 ******** 

TASK [download : Check_pull_required | Set pull_required if the desired image is not yet loaded] ***
ok: [k8s-cp-0]
ok: [k8s-w-0]
Tuesday 25 August 2026  19:49:13 +0530 (0:00:00.080)       0:19:13.949 ******** 
Tuesday 25 August 2026  19:49:13 +0530 (0:00:00.056)       0:19:14.006 ******** 

TASK [download : debug] ********************************************************
ok: [k8s-cp-0] => {
    "msg": "Pull registry.k8s.io/kube-apiserver:v1.35.4 required is: True"
}
ok: [k8s-w-0] => {
    "msg": "Pull registry.k8s.io/kube-apiserver:v1.35.4 required is: True"
}
Tuesday 25 August 2026  19:49:13 +0530 (0:00:00.067)       0:19:14.073 ******** 
Tuesday 25 August 2026  19:49:13 +0530 (0:00:00.046)       0:19:14.120 ******** 
Tuesday 25 August 2026  19:49:13 +0530 (0:00:00.051)       0:19:14.172 ******** 
Tuesday 25 August 2026  19:49:13 +0530 (0:00:00.059)       0:19:14.231 ******** 

TASK [download : Download_container | Download image if required] **************
changed: [k8s-cp-0]
changed: [k8s-w-0]
Tuesday 25 August 2026  19:49:58 +0530 (0:00:44.699)       0:19:58.930 ******** 
Tuesday 25 August 2026  19:49:58 +0530 (0:00:00.050)       0:19:58.981 ******** 
Tuesday 25 August 2026  19:49:58 +0530 (0:00:00.044)       0:19:59.026 ******** 
Tuesday 25 August 2026  19:49:58 +0530 (0:00:00.044)       0:19:59.071 ******** 
Tuesday 25 August 2026  19:49:58 +0530 (0:00:00.045)       0:19:59.116 ******** 

TASK [download : Download_container | Remove container image from cache] *******
ok: [k8s-cp-0]
ok: [k8s-w-0]
Tuesday 25 August 2026  19:49:59 +0530 (0:00:00.287)       0:19:59.404 ******** 

TASK [download : Set default values for flag variables] ************************
ok: [k8s-cp-0]
ok: [k8s-w-0]
Tuesday 25 August 2026  19:49:59 +0530 (0:00:00.066)       0:19:59.470 ******** 

TASK [download : Set_container_facts | Display the name of the image being processed] ***
ok: [k8s-cp-0] => {
    "msg": "registry.k8s.io/kube-controller-manager"
}
ok: [k8s-w-0] => {
    "msg": "registry.k8s.io/kube-controller-manager"
}
Tuesday 25 August 2026  19:49:59 +0530 (0:00:00.066)       0:19:59.536 ******** 

TASK [download : Set_container_facts | Set if containers should be pulled by digest] ***
ok: [k8s-cp-0]
ok: [k8s-w-0]
Tuesday 25 August 2026  19:49:59 +0530 (0:00:00.059)       0:19:59.596 ******** 

TASK [download : Set_container_facts | Define by what name to pull the image] ***
ok: [k8s-cp-0]
ok: [k8s-w-0]
Tuesday 25 August 2026  19:49:59 +0530 (0:00:00.064)       0:19:59.661 ******** 

TASK [download : Set_container_facts | Define file name of image] **************
ok: [k8s-cp-0]
ok: [k8s-w-0]
Tuesday 25 August 2026  19:49:59 +0530 (0:00:00.076)       0:19:59.737 ******** 

TASK [download : Set_container_facts | Define path of image] *******************
ok: [k8s-cp-0]
ok: [k8s-w-0]
Tuesday 25 August 2026  19:49:59 +0530 (0:00:00.059)       0:19:59.797 ******** 
Tuesday 25 August 2026  19:49:59 +0530 (0:00:00.045)       0:19:59.842 ******** 

TASK [download : Set image save/load command for containerd] *******************
ok: [k8s-cp-0]
ok: [k8s-w-0]
Tuesday 25 August 2026  19:49:59 +0530 (0:00:00.060)       0:19:59.903 ******** 
Tuesday 25 August 2026  19:49:59 +0530 (0:00:00.046)       0:19:59.949 ******** 
Tuesday 25 August 2026  19:49:59 +0530 (0:00:00.045)       0:19:59.995 ******** 

TASK [download : Set image save/load command for containerd on localhost] ******
ok: [k8s-cp-0]
ok: [k8s-w-0]
Tuesday 25 August 2026  19:49:59 +0530 (0:00:00.061)       0:20:00.056 ******** 
Tuesday 25 August 2026  19:49:59 +0530 (0:00:00.044)       0:20:00.100 ******** 

TASK [download : Download_container | Prepare container download] **************
included: ~/kubespray/roles/download/tasks/check_pull_required.yml for k8s-cp-0, k8s-w-0
Tuesday 25 August 2026  19:49:59 +0530 (0:00:00.076)       0:20:00.177 ******** 

TASK [download : Check_pull_required |  Generate a list of information about the images on a node] ***
ok: [k8s-w-0]
ok: [k8s-cp-0]
Tuesday 25 August 2026  19:50:00 +0530 (0:00:00.708)       0:20:00.885 ******** 

TASK [download : Check_pull_required | Set pull_required if the desired image is not yet loaded] ***
ok: [k8s-cp-0]
ok: [k8s-w-0]
Tuesday 25 August 2026  19:50:00 +0530 (0:00:00.065)       0:20:00.950 ******** 
Tuesday 25 August 2026  19:50:00 +0530 (0:00:00.044)       0:20:00.994 ******** 

TASK [download : debug] ********************************************************
ok: [k8s-cp-0] => {
    "msg": "Pull registry.k8s.io/kube-controller-manager:v1.35.4 required is: True"
}
ok: [k8s-w-0] => {
    "msg": "Pull registry.k8s.io/kube-controller-manager:v1.35.4 required is: True"
}
Tuesday 25 August 2026  19:50:00 +0530 (0:00:00.065)       0:20:01.059 ******** 
Tuesday 25 August 2026  19:50:00 +0530 (0:00:00.057)       0:20:01.117 ******** 
Tuesday 25 August 2026  19:50:00 +0530 (0:00:00.044)       0:20:01.161 ******** 
Tuesday 25 August 2026  19:50:00 +0530 (0:00:00.050)       0:20:01.212 ******** 

TASK [download : Download_container | Download image if required] **************
changed: [k8s-cp-0]
changed: [k8s-w-0]
Tuesday 25 August 2026  19:50:44 +0530 (0:00:44.148)       0:20:45.361 ******** 
Tuesday 25 August 2026  19:50:45 +0530 (0:00:00.042)       0:20:45.403 ******** 
Tuesday 25 August 2026  19:50:45 +0530 (0:00:00.045)       0:20:45.449 ******** 
Tuesday 25 August 2026  19:50:45 +0530 (0:00:00.045)       0:20:45.494 ******** 
Tuesday 25 August 2026  19:50:45 +0530 (0:00:00.091)       0:20:45.585 ******** 

TASK [download : Download_container | Remove container image from cache] *******
ok: [k8s-cp-0]
ok: [k8s-w-0]
Tuesday 25 August 2026  19:50:45 +0530 (0:00:00.274)       0:20:45.859 ******** 

TASK [download : Set default values for flag variables] ************************
ok: [k8s-cp-0]
ok: [k8s-w-0]
Tuesday 25 August 2026  19:50:45 +0530 (0:00:00.063)       0:20:45.923 ******** 

TASK [download : Set_container_facts | Display the name of the image being processed] ***
ok: [k8s-cp-0] => {
    "msg": "registry.k8s.io/kube-scheduler"
}
ok: [k8s-w-0] => {
    "msg": "registry.k8s.io/kube-scheduler"
}
Tuesday 25 August 2026  19:50:45 +0530 (0:00:00.061)       0:20:45.984 ******** 

TASK [download : Set_container_facts | Set if containers should be pulled by digest] ***
ok: [k8s-cp-0]
ok: [k8s-w-0]
Tuesday 25 August 2026  19:50:45 +0530 (0:00:00.068)       0:20:46.052 ******** 

TASK [download : Set_container_facts | Define by what name to pull the image] ***
ok: [k8s-cp-0]
ok: [k8s-w-0]
Tuesday 25 August 2026  19:50:45 +0530 (0:00:00.061)       0:20:46.114 ******** 

TASK [download : Set_container_facts | Define file name of image] **************
ok: [k8s-cp-0]
ok: [k8s-w-0]
Tuesday 25 August 2026  19:50:45 +0530 (0:00:00.059)       0:20:46.173 ******** 

TASK [download : Set_container_facts | Define path of image] *******************
ok: [k8s-cp-0]
ok: [k8s-w-0]
Tuesday 25 August 2026  19:50:45 +0530 (0:00:00.059)       0:20:46.232 ******** 
Tuesday 25 August 2026  19:50:45 +0530 (0:00:00.043)       0:20:46.276 ******** 

TASK [download : Set image save/load command for containerd] *******************
ok: [k8s-cp-0]
ok: [k8s-w-0]
Tuesday 25 August 2026  19:50:45 +0530 (0:00:00.065)       0:20:46.341 ******** 
Tuesday 25 August 2026  19:50:45 +0530 (0:00:00.043)       0:20:46.385 ******** 
Tuesday 25 August 2026  19:50:46 +0530 (0:00:00.046)       0:20:46.431 ******** 

TASK [download : Set image save/load command for containerd on localhost] ******
ok: [k8s-cp-0]
ok: [k8s-w-0]
Tuesday 25 August 2026  19:50:46 +0530 (0:00:00.062)       0:20:46.493 ******** 
Tuesday 25 August 2026  19:50:46 +0530 (0:00:00.058)       0:20:46.552 ******** 

TASK [download : Download_container | Prepare container download] **************
included: ~/kubespray/roles/download/tasks/check_pull_required.yml for k8s-cp-0, k8s-w-0
Tuesday 25 August 2026  19:50:46 +0530 (0:00:00.074)       0:20:46.627 ******** 

TASK [download : Check_pull_required |  Generate a list of information about the images on a node] ***
ok: [k8s-cp-0]
ok: [k8s-w-0]
Tuesday 25 August 2026  19:50:46 +0530 (0:00:00.463)       0:20:47.090 ******** 

TASK [download : Check_pull_required | Set pull_required if the desired image is not yet loaded] ***
ok: [k8s-cp-0]
ok: [k8s-w-0]
Tuesday 25 August 2026  19:50:46 +0530 (0:00:00.068)       0:20:47.159 ******** 
Tuesday 25 August 2026  19:50:46 +0530 (0:00:00.051)       0:20:47.211 ******** 

TASK [download : debug] ********************************************************
ok: [k8s-cp-0] => {
    "msg": "Pull registry.k8s.io/kube-scheduler:v1.35.4 required is: True"
}
ok: [k8s-w-0] => {
    "msg": "Pull registry.k8s.io/kube-scheduler:v1.35.4 required is: True"
}
Tuesday 25 August 2026  19:50:46 +0530 (0:00:00.069)       0:20:47.280 ******** 
Tuesday 25 August 2026  19:50:46 +0530 (0:00:00.049)       0:20:47.330 ******** 
Tuesday 25 August 2026  19:50:46 +0530 (0:00:00.047)       0:20:47.377 ******** 
Tuesday 25 August 2026  19:50:47 +0530 (0:00:00.045)       0:20:47.423 ******** 

TASK [download : Download_container | Download image if required] **************
changed: [k8s-cp-0]
changed: [k8s-w-0]
Tuesday 25 August 2026  19:51:12 +0530 (0:00:25.787)       0:21:13.210 ******** 
Tuesday 25 August 2026  19:51:12 +0530 (0:00:00.047)       0:21:13.257 ******** 
Tuesday 25 August 2026  19:51:12 +0530 (0:00:00.094)       0:21:13.352 ******** 
Tuesday 25 August 2026  19:51:13 +0530 (0:00:00.051)       0:21:13.403 ******** 
Tuesday 25 August 2026  19:51:13 +0530 (0:00:00.055)       0:21:13.458 ******** 

TASK [download : Download_container | Remove container image from cache] *******
ok: [k8s-cp-0]
ok: [k8s-w-0]
Tuesday 25 August 2026  19:51:13 +0530 (0:00:00.276)       0:21:13.735 ******** 

TASK [download : Set default values for flag variables] ************************
ok: [k8s-cp-0]
ok: [k8s-w-0]
Tuesday 25 August 2026  19:51:13 +0530 (0:00:00.060)       0:21:13.796 ******** 

TASK [download : Set_container_facts | Display the name of the image being processed] ***
ok: [k8s-cp-0] => {
    "msg": "registry.k8s.io/kube-proxy"
}
ok: [k8s-w-0] => {
    "msg": "registry.k8s.io/kube-proxy"
}
Tuesday 25 August 2026  19:51:13 +0530 (0:00:00.064)       0:21:13.860 ******** 

TASK [download : Set_container_facts | Set if containers should be pulled by digest] ***
ok: [k8s-cp-0]
ok: [k8s-w-0]
Tuesday 25 August 2026  19:51:13 +0530 (0:00:00.061)       0:21:13.922 ******** 

TASK [download : Set_container_facts | Define by what name to pull the image] ***
ok: [k8s-cp-0]
ok: [k8s-w-0]
Tuesday 25 August 2026  19:51:13 +0530 (0:00:00.066)       0:21:13.989 ******** 

TASK [download : Set_container_facts | Define file name of image] **************
ok: [k8s-cp-0]
ok: [k8s-w-0]
Tuesday 25 August 2026  19:51:13 +0530 (0:00:00.058)       0:21:14.047 ******** 

TASK [download : Set_container_facts | Define path of image] *******************
ok: [k8s-cp-0]
ok: [k8s-w-0]
Tuesday 25 August 2026  19:51:13 +0530 (0:00:00.068)       0:21:14.115 ******** 
Tuesday 25 August 2026  19:51:13 +0530 (0:00:00.042)       0:21:14.158 ******** 

TASK [download : Set image save/load command for containerd] *******************
ok: [k8s-cp-0]
ok: [k8s-w-0]
Tuesday 25 August 2026  19:51:13 +0530 (0:00:00.060)       0:21:14.218 ******** 
Tuesday 25 August 2026  19:51:13 +0530 (0:00:00.050)       0:21:14.269 ******** 
Tuesday 25 August 2026  19:51:13 +0530 (0:00:00.045)       0:21:14.315 ******** 

TASK [download : Set image save/load command for containerd on localhost] ******
ok: [k8s-cp-0]
ok: [k8s-w-0]
Tuesday 25 August 2026  19:51:13 +0530 (0:00:00.064)       0:21:14.380 ******** 
Tuesday 25 August 2026  19:51:14 +0530 (0:00:00.077)       0:21:14.457 ******** 

TASK [download : Download_container | Prepare container download] **************
included: ~/kubespray/roles/download/tasks/check_pull_required.yml for k8s-cp-0, k8s-w-0
Tuesday 25 August 2026  19:51:14 +0530 (0:00:00.072)       0:21:14.530 ******** 

TASK [download : Check_pull_required |  Generate a list of information about the images on a node] ***
ok: [k8s-w-0]
ok: [k8s-cp-0]
Tuesday 25 August 2026  19:51:14 +0530 (0:00:00.531)       0:21:15.061 ******** 

TASK [download : Check_pull_required | Set pull_required if the desired image is not yet loaded] ***
ok: [k8s-cp-0]
ok: [k8s-w-0]
Tuesday 25 August 2026  19:51:14 +0530 (0:00:00.067)       0:21:15.129 ******** 
Tuesday 25 August 2026  19:51:14 +0530 (0:00:00.050)       0:21:15.179 ******** 

TASK [download : debug] ********************************************************
ok: [k8s-cp-0] => {
    "msg": "Pull registry.k8s.io/kube-proxy:v1.35.4 required is: True"
}
ok: [k8s-w-0] => {
    "msg": "Pull registry.k8s.io/kube-proxy:v1.35.4 required is: True"
}
Tuesday 25 August 2026  19:51:14 +0530 (0:00:00.060)       0:21:15.239 ******** 
Tuesday 25 August 2026  19:51:14 +0530 (0:00:00.064)       0:21:15.303 ******** 
Tuesday 25 August 2026  19:51:14 +0530 (0:00:00.046)       0:21:15.350 ******** 
Tuesday 25 August 2026  19:51:15 +0530 (0:00:00.046)       0:21:15.397 ******** 

TASK [download : Download_container | Download image if required] **************
changed: [k8s-w-0]
changed: [k8s-cp-0]
Tuesday 25 August 2026  19:51:50 +0530 (0:00:35.735)       0:21:51.132 ******** 
Tuesday 25 August 2026  19:51:50 +0530 (0:00:00.051)       0:21:51.183 ******** 
Tuesday 25 August 2026  19:51:50 +0530 (0:00:00.056)       0:21:51.240 ******** 
Tuesday 25 August 2026  19:51:50 +0530 (0:00:00.056)       0:21:51.296 ******** 
Tuesday 25 August 2026  19:51:50 +0530 (0:00:00.054)       0:21:51.351 ******** 

TASK [download : Download_container | Remove container image from cache] *******
ok: [k8s-cp-0]
ok: [k8s-w-0]

PLAY [Add worker nodes to the etcd play if needed] *****************************
Tuesday 25 August 2026  19:51:51 +0530 (0:00:00.300)       0:21:51.651 ******** 

TASK [Gathering Facts] *********************************************************
ok: [k8s-cp-0]
ok: [k8s-w-0]
Tuesday 25 August 2026  19:51:52 +0530 (0:00:01.525)       0:21:53.177 ******** 
[WARNING]: Could not match supplied host pattern, ignoring:
_kubespray_needs_etcd

PLAY [Install etcd] ************************************************************
Tuesday 25 August 2026  19:51:52 +0530 (0:00:00.073)       0:21:53.250 ******** 

TASK [adduser : User | Create User Group] **************************************
changed: [k8s-cp-0]
Tuesday 25 August 2026  19:51:53 +0530 (0:00:00.282)       0:21:53.533 ******** 

TASK [adduser : User | Create User] ********************************************
changed: [k8s-cp-0]
Tuesday 25 August 2026  19:51:53 +0530 (0:00:00.378)       0:21:53.911 ******** 

TASK [adduser : User | Create User Group] **************************************
ok: [k8s-cp-0]
Tuesday 25 August 2026  19:51:53 +0530 (0:00:00.244)       0:21:54.155 ******** 

TASK [adduser : User | Create User] ********************************************
ok: [k8s-cp-0]
Tuesday 25 August 2026  19:51:54 +0530 (0:00:00.325)       0:21:54.481 ******** 

TASK [etcd : Check etcd certs] *************************************************
included: ~/kubespray/roles/etcd/tasks/check_certs.yml for k8s-cp-0
Tuesday 25 August 2026  19:51:54 +0530 (0:00:00.048)       0:21:54.529 ******** 
[WARNING]: Skipped '/etc/ssl/etcd/ssl' path due to this access issue:
'/etc/ssl/etcd/ssl' is not a directory

TASK [etcd : Check_certs | Register certs that have already been generated on first etcd node] ***
ok: [k8s-cp-0]
Tuesday 25 August 2026  19:51:54 +0530 (0:00:00.242)       0:21:54.772 ******** 

TASK [etcd : Check_certs | Set default value for 'sync_certs', 'gen_certs' and 'etcd_secret_changed' to false] ***
ok: [k8s-cp-0]
Tuesday 25 August 2026  19:51:54 +0530 (0:00:00.043)       0:21:54.815 ******** 

TASK [etcd : Check certs | Register ca and etcd admin/member certs on etcd hosts] ***
ok: [k8s-cp-0] => (item=ca.pem)
ok: [k8s-cp-0] => (item=member-k8s-cp-0.pem)
ok: [k8s-cp-0] => (item=member-k8s-cp-0-key.pem)
ok: [k8s-cp-0] => (item=admin-k8s-cp-0.pem)
ok: [k8s-cp-0] => (item=admin-k8s-cp-0-key.pem)
Tuesday 25 August 2026  19:51:55 +0530 (0:00:01.011)       0:21:55.827 ******** 

TASK [etcd : Check certs | Register ca and etcd node certs on kubernetes hosts] ***
ok: [k8s-cp-0] => (item=ca.pem)
ok: [k8s-cp-0] => (item=node-k8s-cp-0.pem)
ok: [k8s-cp-0] => (item=node-k8s-cp-0-key.pem)
Tuesday 25 August 2026  19:51:56 +0530 (0:00:00.622)       0:21:56.450 ******** 

TASK [etcd : Check_certs | Set 'gen_certs' to true if expected certificates are not on the first etcd node(1/2)] ***
ok: [k8s-cp-0] => (item=/etc/ssl/etcd/ssl/ca.pem)
ok: [k8s-cp-0] => (item=/etc/ssl/etcd/ssl/admin-k8s-cp-0.pem)
ok: [k8s-cp-0] => (item=/etc/ssl/etcd/ssl/admin-k8s-cp-0-key.pem)
ok: [k8s-cp-0] => (item=/etc/ssl/etcd/ssl/member-k8s-cp-0.pem)
ok: [k8s-cp-0] => (item=/etc/ssl/etcd/ssl/member-k8s-cp-0-key.pem)
ok: [k8s-cp-0] => (item=/etc/ssl/etcd/ssl/node-k8s-cp-0.pem)
ok: [k8s-cp-0] => (item=/etc/ssl/etcd/ssl/node-k8s-cp-0-key.pem)
Tuesday 25 August 2026  19:51:56 +0530 (0:00:00.131)       0:21:56.581 ******** 
Tuesday 25 August 2026  19:51:56 +0530 (0:00:00.078)       0:21:56.659 ******** 

TASK [etcd : Check_certs | Set 'gen_*_certs' groups to track which nodes needs to have certs generated on first etcd node] ***
changed: [k8s-cp-0] => (item={'node_type': 'master', 'certs': ['/etc/ssl/etcd/ssl/member-k8s-cp-0.pem', '/etc/ssl/etcd/ssl/member-k8s-cp-0-key.pem', '/etc/ssl/etcd/ssl/admin-k8s-cp-0.pem', '/etc/ssl/etcd/ssl/admin-k8s-cp-0-key.pem']})
changed: [k8s-cp-0] => (item={'node_type': 'node', 'certs': ['/etc/ssl/etcd/ssl/node-k8s-cp-0.pem', '/etc/ssl/etcd/ssl/node-k8s-cp-0-key.pem']})
Tuesday 25 August 2026  19:51:56 +0530 (0:00:00.061)       0:21:56.721 ******** 

TASK [etcd : Check_certs | Set 'etcd_member_requires_sync' to true if ca or member/admin cert and key don't exist on etcd member or checksum doesn't match] ***
ok: [k8s-cp-0]
Tuesday 25 August 2026  19:51:56 +0530 (0:00:00.062)       0:21:56.783 ******** 
Tuesday 25 August 2026  19:51:56 +0530 (0:00:00.029)       0:21:56.813 ******** 

TASK [etcd : Check_certs | Set 'sync_certs' to true] ***************************
ok: [k8s-cp-0]
Tuesday 25 August 2026  19:51:56 +0530 (0:00:00.106)       0:21:56.919 ******** 

TASK [etcd : Generate etcd certs] **********************************************
included: ~/kubespray/roles/etcd/tasks/gen_certs_script.yml for k8s-cp-0
Tuesday 25 August 2026  19:51:56 +0530 (0:00:00.054)       0:21:56.974 ******** 

TASK [etcd : Gen_certs | create etcd cert dir] *********************************
changed: [k8s-cp-0]
Tuesday 25 August 2026  19:51:56 +0530 (0:00:00.272)       0:21:57.247 ******** 

TASK [etcd : Gen_certs | create etcd script dir (on k8s-cp-0)] *****************
changed: [k8s-cp-0]
Tuesday 25 August 2026  19:51:57 +0530 (0:00:00.239)       0:21:57.487 ******** 

TASK [etcd : Gen_certs | write openssl config] *********************************
changed: [k8s-cp-0]
Tuesday 25 August 2026  19:51:57 +0530 (0:00:00.659)       0:21:58.146 ******** 

TASK [etcd : Gen_certs | copy certs generation script] *************************
changed: [k8s-cp-0]
Tuesday 25 August 2026  19:51:58 +0530 (0:00:00.567)       0:21:58.713 ******** 

TASK [etcd : Gen_certs | run cert generation script for etcd and kube control plane nodes] ***
changed: [k8s-cp-0]
Tuesday 25 August 2026  19:51:59 +0530 (0:00:00.679)       0:21:59.393 ******** 
Tuesday 25 August 2026  19:51:59 +0530 (0:00:00.048)       0:21:59.442 ******** 
Tuesday 25 August 2026  19:51:59 +0530 (0:00:00.163)       0:21:59.605 ******** 
Tuesday 25 August 2026  19:51:59 +0530 (0:00:00.087)       0:21:59.693 ******** 
Tuesday 25 August 2026  19:51:59 +0530 (0:00:00.092)       0:21:59.785 ******** 
Tuesday 25 August 2026  19:51:59 +0530 (0:00:00.048)       0:21:59.833 ******** 
Tuesday 25 August 2026  19:51:59 +0530 (0:00:00.032)       0:21:59.866 ******** 
Tuesday 25 August 2026  19:51:59 +0530 (0:00:00.031)       0:21:59.898 ******** 
Tuesday 25 August 2026  19:51:59 +0530 (0:00:00.039)       0:21:59.938 ******** 

TASK [etcd : Trust etcd CA] ****************************************************
included: ~/kubespray/roles/etcd/tasks/upd_ca_trust.yml for k8s-cp-0
Tuesday 25 August 2026  19:51:59 +0530 (0:00:00.048)       0:21:59.986 ******** 

TASK [etcd : Gen_certs | target ca-certificate store file] *********************
ok: [k8s-cp-0]
Tuesday 25 August 2026  19:51:59 +0530 (0:00:00.042)       0:22:00.028 ******** 

TASK [etcd : Gen_certs | add CA to trusted CA dir] *****************************
changed: [k8s-cp-0]
Tuesday 25 August 2026  19:51:59 +0530 (0:00:00.326)       0:22:00.355 ******** 

TASK [etcd : Gen_certs | update ca-certificates (Debian/Ubuntu/SUSE/Flatcar)] ***
changed: [k8s-cp-0]
Tuesday 25 August 2026  19:52:02 +0530 (0:00:02.592)       0:22:02.947 ******** 
Tuesday 25 August 2026  19:52:02 +0530 (0:00:00.034)       0:22:02.982 ******** 
Tuesday 25 August 2026  19:52:02 +0530 (0:00:00.030)       0:22:03.012 ******** 
Tuesday 25 August 2026  19:52:02 +0530 (0:00:00.031)       0:22:03.043 ******** 
Tuesday 25 August 2026  19:52:02 +0530 (0:00:00.031)       0:22:03.075 ******** 
Tuesday 25 August 2026  19:52:02 +0530 (0:00:00.031)       0:22:03.107 ******** 

TASK [etcd : Install etcd] *****************************************************
included: ~/kubespray/roles/etcd/tasks/install_host.yml for k8s-cp-0
Tuesday 25 August 2026  19:52:02 +0530 (0:00:00.063)       0:22:03.170 ******** 

TASK [etcd : Get currently-deployed etcd version] ******************************
fatal: [k8s-cp-0]: FAILED! => {"changed": false, "cmd": "/usr/local/bin/etcd --version", "msg": "[Errno 2] No such file or directory: b'/usr/local/bin/etcd'", "rc": 2, "stderr": "", "stderr_lines": [], "stdout": "", "stdout_lines": []}
...ignoring
Tuesday 25 August 2026  19:52:03 +0530 (0:00:00.239)       0:22:03.410 ******** 

TASK [etcd : Restart etcd if necessary] ****************************************
changed: [k8s-cp-0]
Tuesday 25 August 2026  19:52:03 +0530 (0:00:00.253)       0:22:03.664 ******** 
Tuesday 25 August 2026  19:52:03 +0530 (0:00:00.031)       0:22:03.695 ******** 

TASK [etcd : Get currently-deployed etcd version as x.y.z format] **************
ok: [k8s-cp-0]
Tuesday 25 August 2026  19:52:03 +0530 (0:00:00.049)       0:22:03.745 ******** 
Tuesday 25 August 2026  19:52:03 +0530 (0:00:00.029)       0:22:03.775 ******** 
Tuesday 25 August 2026  19:52:03 +0530 (0:00:00.044)       0:22:03.819 ******** 
Tuesday 25 August 2026  19:52:03 +0530 (0:00:00.032)       0:22:03.851 ******** 
Tuesday 25 August 2026  19:52:03 +0530 (0:00:00.031)       0:22:03.882 ******** 

TASK [etcd : Install | Copy etcd binary from download dir] *********************
changed: [k8s-cp-0] => (item=etcd)
Tuesday 25 August 2026  19:52:04 +0530 (0:00:00.608)       0:22:04.491 ******** 
Tuesday 25 August 2026  19:52:04 +0530 (0:00:00.049)       0:22:04.540 ******** 

TASK [etcdctl_etcdutl : Download etcd binary] **********************************
included: ~/kubespray/roles/etcdctl_etcdutl/tasks/../../download/tasks/download_file.yml for k8s-cp-0
Tuesday 25 August 2026  19:52:04 +0530 (0:00:00.048)       0:22:04.588 ******** 

TASK [etcdctl_etcdutl : Prep_download | Set a few facts] ***********************
ok: [k8s-cp-0]
Tuesday 25 August 2026  19:52:04 +0530 (0:00:00.436)       0:22:05.025 ******** 
Tuesday 25 August 2026  19:52:04 +0530 (0:00:00.032)       0:22:05.057 ******** 

TASK [etcdctl_etcdutl : Download_file | Set pathname of cached file] ***********
ok: [k8s-cp-0]
Tuesday 25 August 2026  19:52:05 +0530 (0:00:00.821)       0:22:05.879 ******** 

TASK [etcdctl_etcdutl : Download_file | Create dest directory on node] *********
ok: [k8s-cp-0]
Tuesday 25 August 2026  19:52:07 +0530 (0:00:01.520)       0:22:07.399 ******** 
Tuesday 25 August 2026  19:52:07 +0530 (0:00:00.036)       0:22:07.435 ******** 
Tuesday 25 August 2026  19:52:07 +0530 (0:00:00.044)       0:22:07.479 ******** 

TASK [etcdctl_etcdutl : Download_file | Download item] *************************
ok: [k8s-cp-0]
Tuesday 25 August 2026  19:52:11 +0530 (0:00:04.810)       0:22:12.289 ******** 
Tuesday 25 August 2026  19:52:11 +0530 (0:00:00.033)       0:22:12.323 ******** 
Tuesday 25 August 2026  19:52:11 +0530 (0:00:00.031)       0:22:12.354 ******** 
Tuesday 25 August 2026  19:52:11 +0530 (0:00:00.030)       0:22:12.385 ******** 

TASK [etcdctl_etcdutl : Download_file | Extract file archives] *****************
included: ~/kubespray/roles/download/tasks/extract_file.yml for k8s-cp-0
Tuesday 25 August 2026  19:52:12 +0530 (0:00:00.134)       0:22:12.520 ******** 

TASK [etcdctl_etcdutl : Extract_file | Unpacking archive] **********************
ok: [k8s-cp-0]
Tuesday 25 August 2026  19:52:16 +0530 (0:00:03.936)       0:22:16.456 ******** 

TASK [etcdctl_etcdutl : Copy etcd binary] **************************************
changed: [k8s-cp-0]
Tuesday 25 August 2026  19:52:18 +0530 (0:00:02.274)       0:22:18.731 ******** 

TASK [etcdctl_etcdutl : Copy etcdctl and etcdutl binary from download dir] *****
changed: [k8s-cp-0] => (item=etcdctl)
changed: [k8s-cp-0] => (item=etcdutl)
Tuesday 25 August 2026  19:52:19 +0530 (0:00:00.972)       0:22:19.704 ******** 

TASK [etcdctl_etcdutl : Create etcdctl wrapper script] *************************
changed: [k8s-cp-0]
Tuesday 25 August 2026  19:52:19 +0530 (0:00:00.590)       0:22:20.294 ******** 

TASK [etcd : Configure etcd] ***************************************************
included: ~/kubespray/roles/etcd/tasks/configure.yml for k8s-cp-0
Tuesday 25 August 2026  19:52:19 +0530 (0:00:00.064)       0:22:20.358 ******** 

TASK [etcd : Configure | Check if etcd cluster is healthy] *********************
ok: [k8s-cp-0]
Tuesday 25 August 2026  19:52:25 +0530 (0:00:05.346)       0:22:25.705 ******** 
Tuesday 25 August 2026  19:52:25 +0530 (0:00:00.035)       0:22:25.740 ******** 

TASK [etcd : Configure | Refresh etcd config] **********************************
included: ~/kubespray/roles/etcd/tasks/refresh_config.yml for k8s-cp-0
Tuesday 25 August 2026  19:52:25 +0530 (0:00:00.044)       0:22:25.784 ******** 

TASK [etcd : Refresh config | Create etcd config file] *************************
changed: [k8s-cp-0]
Tuesday 25 August 2026  19:52:26 +0530 (0:00:00.673)       0:22:26.457 ******** 
Tuesday 25 August 2026  19:52:26 +0530 (0:00:00.031)       0:22:26.489 ******** 

TASK [etcd : Configure | Copy etcd.service systemd file] ***********************
changed: [k8s-cp-0]
Tuesday 25 August 2026  19:52:26 +0530 (0:00:00.604)       0:22:27.094 ******** 
Tuesday 25 August 2026  19:52:26 +0530 (0:00:00.031)       0:22:27.125 ******** 

TASK [etcd : Configure | reload systemd] ***************************************
ok: [k8s-cp-0]
Tuesday 25 August 2026  19:52:28 +0530 (0:00:01.396)       0:22:28.521 ******** 

TASK [etcd : Configure | Ensure etcd is running] *******************************
changed: [k8s-cp-0]
Tuesday 25 August 2026  19:52:29 +0530 (0:00:01.687)       0:22:30.209 ******** 
Tuesday 25 August 2026  19:52:29 +0530 (0:00:00.031)       0:22:30.241 ******** 

TASK [etcd : Configure | Wait for etcd cluster to be healthy] ******************
ok: [k8s-cp-0]
Tuesday 25 August 2026  19:52:30 +0530 (0:00:00.363)       0:22:30.605 ******** 
Tuesday 25 August 2026  19:52:30 +0530 (0:00:00.032)       0:22:30.637 ******** 

TASK [etcd : Configure | Check if member is in etcd cluster] *******************
ok: [k8s-cp-0]
Tuesday 25 August 2026  19:52:30 +0530 (0:00:00.320)       0:22:30.958 ******** 
Tuesday 25 August 2026  19:52:30 +0530 (0:00:00.034)       0:22:30.993 ******** 
Tuesday 25 August 2026  19:52:30 +0530 (0:00:00.034)       0:22:31.027 ******** 
Tuesday 25 August 2026  19:52:30 +0530 (0:00:00.035)       0:22:31.063 ******** 

TASK [etcd : Refresh etcd config] **********************************************
included: ~/kubespray/roles/etcd/tasks/refresh_config.yml for k8s-cp-0
Tuesday 25 August 2026  19:52:30 +0530 (0:00:00.055)       0:22:31.119 ******** 

TASK [etcd : Refresh config | Create etcd config file] *************************
changed: [k8s-cp-0]
Tuesday 25 August 2026  19:52:31 +0530 (0:00:00.795)       0:22:31.914 ******** 
Tuesday 25 August 2026  19:52:31 +0530 (0:00:00.044)       0:22:31.959 ******** 
Tuesday 25 August 2026  19:52:31 +0530 (0:00:00.041)       0:22:32.000 ******** 
Tuesday 25 August 2026  19:52:31 +0530 (0:00:00.063)       0:22:32.064 ******** 

TASK [etcd : Refresh etcd config again for idempotency] ************************
included: ~/kubespray/roles/etcd/tasks/refresh_config.yml for k8s-cp-0
Tuesday 25 August 2026  19:52:31 +0530 (0:00:00.062)       0:22:32.127 ******** 

TASK [etcd : Refresh config | Create etcd config file] *************************
ok: [k8s-cp-0]
Tuesday 25 August 2026  19:52:32 +0530 (0:00:00.702)       0:22:32.829 ******** 
Tuesday 25 August 2026  19:52:32 +0530 (0:00:00.049)       0:22:32.879 ******** 

RUNNING HANDLER [etcd : Refresh Time Fact] *************************************
ok: [k8s-cp-0]
Tuesday 25 August 2026  19:52:33 +0530 (0:00:01.083)       0:22:33.962 ******** 

RUNNING HANDLER [etcd : Set Backup Directory] **********************************
ok: [k8s-cp-0]
Tuesday 25 August 2026  19:52:33 +0530 (0:00:00.048)       0:22:34.010 ******** 

RUNNING HANDLER [etcd : Create Backup Directory] *******************************
changed: [k8s-cp-0]
Tuesday 25 August 2026  19:52:33 +0530 (0:00:00.238)       0:22:34.249 ******** 

RUNNING HANDLER [etcd : Stat etcd v2 data directory] ***************************
ok: [k8s-cp-0]
Tuesday 25 August 2026  19:52:34 +0530 (0:00:00.233)       0:22:34.482 ******** 
Tuesday 25 August 2026  19:52:34 +0530 (0:00:00.051)       0:22:34.533 ******** 

RUNNING HANDLER [etcd : Backup etcd v3 data] ***********************************
changed: [k8s-cp-0]
Tuesday 25 August 2026  19:52:34 +0530 (0:00:00.356)       0:22:34.889 ******** 

RUNNING HANDLER [etcd : Restart etcd] ******************************************
changed: [k8s-cp-0]
Tuesday 25 August 2026  19:52:36 +0530 (0:00:01.708)       0:22:36.597 ******** 

RUNNING HANDLER [etcd : Wait for etcd up] **************************************
ok: [k8s-cp-0]
Tuesday 25 August 2026  19:52:36 +0530 (0:00:00.633)       0:22:37.231 ******** 
Tuesday 25 August 2026  19:52:36 +0530 (0:00:00.035)       0:22:37.266 ******** 
Tuesday 25 August 2026  19:52:36 +0530 (0:00:00.038)       0:22:37.304 ******** 

RUNNING HANDLER [etcd : Set etcd_secret_changed] *******************************
ok: [k8s-cp-0]

PLAY [Install Kubernetes nodes] ************************************************
Tuesday 25 August 2026  19:52:37 +0530 (0:00:00.107)       0:22:37.412 ******** 
Tuesday 25 August 2026  19:52:37 +0530 (0:00:00.047)       0:22:37.460 ******** 
Tuesday 25 August 2026  19:52:37 +0530 (0:00:00.045)       0:22:37.505 ******** 
Tuesday 25 August 2026  19:52:37 +0530 (0:00:00.049)       0:22:37.555 ******** 
Tuesday 25 August 2026  19:52:37 +0530 (0:00:00.045)       0:22:37.601 ******** 

TASK [kubernetes/node : Set kubelet_cgroup_driver_detected fact for containerd] ***
ok: [k8s-cp-0]
ok: [k8s-w-0]
Tuesday 25 August 2026  19:52:37 +0530 (0:00:00.064)       0:22:37.666 ******** 

TASK [kubernetes/node : Set kubelet_cgroup_driver] *****************************
ok: [k8s-cp-0]
ok: [k8s-w-0]
Tuesday 25 August 2026  19:52:37 +0530 (0:00:00.064)       0:22:37.730 ******** 
Tuesday 25 August 2026  19:52:37 +0530 (0:00:00.050)       0:22:37.780 ******** 
Tuesday 25 August 2026  19:52:37 +0530 (0:00:00.048)       0:22:37.829 ******** 
Tuesday 25 August 2026  19:52:37 +0530 (0:00:00.067)       0:22:37.896 ******** 

TASK [kubernetes/node : Ensure /var/lib/cni exists] ****************************
changed: [k8s-cp-0]
changed: [k8s-w-0]
Tuesday 25 August 2026  19:52:37 +0530 (0:00:00.282)       0:22:38.179 ******** 

TASK [kubernetes/node : Install | Copy kubeadm binary from download dir] *******
changed: [k8s-w-0]
Tuesday 25 August 2026  19:52:40 +0530 (0:00:02.697)       0:22:40.876 ******** 

TASK [kubernetes/node : Install | Copy kubelet binary from download dir] *******
changed: [k8s-w-0]
changed: [k8s-cp-0]
Tuesday 25 August 2026  19:52:42 +0530 (0:00:01.606)       0:22:42.483 ******** 
Tuesday 25 August 2026  19:52:42 +0530 (0:00:00.050)       0:22:42.533 ******** 
Tuesday 25 August 2026  19:52:42 +0530 (0:00:00.051)       0:22:42.584 ******** 
Tuesday 25 August 2026  19:52:42 +0530 (0:00:00.048)       0:22:42.632 ******** 
Tuesday 25 August 2026  19:52:42 +0530 (0:00:00.048)       0:22:42.681 ******** 
Tuesday 25 August 2026  19:52:42 +0530 (0:00:00.047)       0:22:42.729 ******** 
Tuesday 25 August 2026  19:52:42 +0530 (0:00:00.048)       0:22:42.778 ******** 
Tuesday 25 August 2026  19:52:42 +0530 (0:00:00.048)       0:22:42.827 ******** 

TASK [kubernetes/node : Haproxy | Cleanup potentially deployed haproxy] ********
ok: [k8s-w-0]
Tuesday 25 August 2026  19:52:42 +0530 (0:00:00.272)       0:22:43.099 ******** 

TASK [kubernetes/node : Nginx-proxy | Make nginx directory] ********************
changed: [k8s-w-0]
Tuesday 25 August 2026  19:52:42 +0530 (0:00:00.265)       0:22:43.365 ******** 

TASK [kubernetes/node : Nginx-proxy | Write nginx-proxy configuration] *********
changed: [k8s-w-0]
Tuesday 25 August 2026  19:52:43 +0530 (0:00:00.675)       0:22:44.040 ******** 

TASK [kubernetes/node : Nginx-proxy | Write static pod] ************************
changed: [k8s-w-0]
Tuesday 25 August 2026  19:52:44 +0530 (0:00:00.603)       0:22:44.644 ******** 
Tuesday 25 August 2026  19:52:44 +0530 (0:00:00.060)       0:22:44.704 ******** 
Tuesday 25 August 2026  19:52:44 +0530 (0:00:00.092)       0:22:44.797 ******** 
Tuesday 25 August 2026  19:52:44 +0530 (0:00:00.056)       0:22:44.853 ******** 
Tuesday 25 August 2026  19:52:44 +0530 (0:00:00.056)       0:22:44.910 ******** 

TASK [kubernetes/node : Ensure nodePort range is reserved] *********************
changed: [k8s-cp-0]
changed: [k8s-w-0]
Tuesday 25 August 2026  19:52:44 +0530 (0:00:00.302)       0:22:45.212 ******** 

TASK [kubernetes/node : Verify if br_netfilter module exists] ******************
ok: [k8s-cp-0]
ok: [k8s-w-0]
Tuesday 25 August 2026  19:52:45 +0530 (0:00:00.298)       0:22:45.510 ******** 

TASK [kubernetes/node : Verify br_netfilter module path exists] ****************
ok: [k8s-cp-0] => (item=/etc/modules-load.d)
ok: [k8s-w-0] => (item=/etc/modules-load.d)
ok: [k8s-cp-0] => (item=/etc/modprobe.d)
ok: [k8s-w-0] => (item=/etc/modprobe.d)
Tuesday 25 August 2026  19:52:45 +0530 (0:00:00.520)       0:22:46.030 ******** 

TASK [kubernetes/node : Enable br_netfilter module] ****************************
ok: [k8s-cp-0]
ok: [k8s-w-0]
Tuesday 25 August 2026  19:52:45 +0530 (0:00:00.278)       0:22:46.309 ******** 

TASK [kubernetes/node : Persist br_netfilter module] ***************************
changed: [k8s-cp-0]
changed: [k8s-w-0]
Tuesday 25 August 2026  19:52:46 +0530 (0:00:00.627)       0:22:46.937 ******** 

TASK [kubernetes/node : Check if bridge-nf-call-iptables key exists] ***********
ok: [k8s-cp-0]
ok: [k8s-w-0]
Tuesday 25 August 2026  19:52:46 +0530 (0:00:00.283)       0:22:47.221 ******** 

TASK [kubernetes/node : Enable bridge-nf-call tables] **************************
changed: [k8s-cp-0] => (item=net.bridge.bridge-nf-call-iptables)
changed: [k8s-w-0] => (item=net.bridge.bridge-nf-call-iptables)
changed: [k8s-cp-0] => (item=net.bridge.bridge-nf-call-arptables)
changed: [k8s-w-0] => (item=net.bridge.bridge-nf-call-arptables)
changed: [k8s-cp-0] => (item=net.bridge.bridge-nf-call-ip6tables)
changed: [k8s-w-0] => (item=net.bridge.bridge-nf-call-ip6tables)
Tuesday 25 August 2026  19:52:47 +0530 (0:00:00.768)       0:22:47.989 ******** 

TASK [kubernetes/node : Modprobe Kernel Module for IPVS] ***********************
changed: [k8s-cp-0] => (item=ip_vs)
changed: [k8s-w-0] => (item=ip_vs)
changed: [k8s-cp-0] => (item=ip_vs_rr)
changed: [k8s-w-0] => (item=ip_vs_rr)
changed: [k8s-cp-0] => (item=ip_vs_wrr)
changed: [k8s-w-0] => (item=ip_vs_wrr)
changed: [k8s-cp-0] => (item=ip_vs_sh)
changed: [k8s-w-0] => (item=ip_vs_sh)
changed: [k8s-cp-0] => (item=ip_vs_wlc)
changed: [k8s-w-0] => (item=ip_vs_wlc)
changed: [k8s-cp-0] => (item=ip_vs_lc)
changed: [k8s-w-0] => (item=ip_vs_lc)
Tuesday 25 August 2026  19:52:49 +0530 (0:00:01.563)       0:22:49.553 ******** 

TASK [kubernetes/node : Modprobe conntrack module] *****************************
changed: [k8s-cp-0] => (item=nf_conntrack)
changed: [k8s-w-0] => (item=nf_conntrack)
Tuesday 25 August 2026  19:52:49 +0530 (0:00:00.297)       0:22:49.850 ******** 
Tuesday 25 August 2026  19:52:49 +0530 (0:00:00.051)       0:22:49.901 ******** 

TASK [kubernetes/node : Set kubelet api version to v1beta1] ********************
ok: [k8s-cp-0]
ok: [k8s-w-0]
Tuesday 25 August 2026  19:52:49 +0530 (0:00:00.074)       0:22:49.976 ******** 

TASK [kubernetes/node : Write kubelet environment config file (kubeadm)] *******
changed: [k8s-cp-0]
changed: [k8s-w-0]
Tuesday 25 August 2026  19:52:50 +0530 (0:00:00.638)       0:22:50.615 ******** 

TASK [kubernetes/node : Write kubelet config file] *****************************
changed: [k8s-cp-0]
changed: [k8s-w-0]
Tuesday 25 August 2026  19:52:50 +0530 (0:00:00.698)       0:22:51.313 ******** 

TASK [kubernetes/node : Write kubelet systemd init file] ***********************
changed: [k8s-w-0]
changed: [k8s-cp-0]
Tuesday 25 August 2026  19:52:51 +0530 (0:00:00.710)       0:22:52.024 ******** 
Tuesday 25 August 2026  19:52:51 +0530 (0:00:00.010)       0:22:52.034 ******** 
Tuesday 25 August 2026  19:52:51 +0530 (0:00:00.009)       0:22:52.044 ******** 

RUNNING HANDLER [kubernetes/node : Kubelet | reload systemd] *******************
ok: [k8s-cp-0]
ok: [k8s-w-0]
Tuesday 25 August 2026  19:52:52 +0530 (0:00:01.172)       0:22:53.216 ******** 

RUNNING HANDLER [kubernetes/node : Kubelet | restart kubelet] ******************
changed: [k8s-cp-0]
changed: [k8s-w-0]
Tuesday 25 August 2026  19:52:53 +0530 (0:00:00.586)       0:22:53.803 ******** 

TASK [kubernetes/node : Enable kubelet] ****************************************
changed: [k8s-cp-0]
changed: [k8s-w-0]
Tuesday 25 August 2026  19:52:54 +0530 (0:00:01.056)       0:22:54.859 ******** 

RUNNING HANDLER [kubernetes/node : Kubelet | restart kubelet] ******************
changed: [k8s-cp-0]
changed: [k8s-w-0]

PLAY [Install the control plane] ***********************************************
Tuesday 25 August 2026  19:52:55 +0530 (0:00:00.534)       0:22:55.394 ******** 
Tuesday 25 August 2026  19:52:55 +0530 (0:00:00.036)       0:22:55.430 ******** 
[WARNING]: Skipped '/etc/kubernetes/patches' path due to this access issue:
'/etc/kubernetes/patches' is not a directory

TASK [kubernetes/kubeadm_common : Kubeadm | List existing kubeadm patches] *****
ok: [k8s-cp-0]
Tuesday 25 August 2026  19:52:55 +0530 (0:00:00.246)       0:22:55.676 ******** 
Tuesday 25 August 2026  19:52:55 +0530 (0:00:00.028)       0:22:55.704 ******** 
Tuesday 25 August 2026  19:52:55 +0530 (0:00:00.119)       0:22:55.824 ******** 
Tuesday 25 August 2026  19:52:55 +0530 (0:00:00.031)       0:22:55.856 ******** 
Tuesday 25 August 2026  19:52:55 +0530 (0:00:00.055)       0:22:55.912 ******** 

TASK [kubernetes/control-plane : Pre-upgrade | Delete control plane manifests if etcd secrets changed] ***
ok: [k8s-cp-0] => (item=kube-apiserver)
ok: [k8s-cp-0] => (item=kube-controller-manager)
ok: [k8s-cp-0] => (item=kube-scheduler)
Tuesday 25 August 2026  19:52:56 +0530 (0:00:00.668)       0:22:56.580 ******** 
Tuesday 25 August 2026  19:52:56 +0530 (0:00:00.040)       0:22:56.620 ******** 
Tuesday 25 August 2026  19:52:56 +0530 (0:00:00.031)       0:22:56.652 ******** 
Tuesday 25 August 2026  19:52:56 +0530 (0:00:00.031)       0:22:56.683 ******** 
Tuesday 25 August 2026  19:52:56 +0530 (0:00:00.029)       0:22:56.713 ******** 
Tuesday 25 August 2026  19:52:56 +0530 (0:00:00.038)       0:22:56.751 ******** 

TASK [kubernetes/control-plane : Create kube-scheduler config] *****************
changed: [k8s-cp-0]
Tuesday 25 August 2026  19:52:56 +0530 (0:00:00.600)       0:22:57.351 ******** 
Tuesday 25 August 2026  19:52:56 +0530 (0:00:00.032)       0:22:57.383 ******** 
Tuesday 25 August 2026  19:52:57 +0530 (0:00:00.030)       0:22:57.413 ******** 
Tuesday 25 August 2026  19:52:57 +0530 (0:00:00.028)       0:22:57.442 ******** 
Tuesday 25 August 2026  19:52:57 +0530 (0:00:00.029)       0:22:57.472 ******** 
Tuesday 25 August 2026  19:52:57 +0530 (0:00:00.044)       0:22:57.516 ******** 
Tuesday 25 August 2026  19:52:57 +0530 (0:00:00.029)       0:22:57.545 ******** 

TASK [kubernetes/control-plane : Install | Copy kubectl binary from download dir] ***
changed: [k8s-cp-0]
Tuesday 25 August 2026  19:52:58 +0530 (0:00:01.389)       0:22:58.935 ******** 

TASK [kubernetes/control-plane : Install kubectl bash completion] **************
changed: [k8s-cp-0]
Tuesday 25 August 2026  19:52:58 +0530 (0:00:00.345)       0:22:59.281 ******** 

TASK [kubernetes/control-plane : Set kubectl bash completion file permissions] ***
changed: [k8s-cp-0]
Tuesday 25 August 2026  19:52:59 +0530 (0:00:00.298)       0:22:59.580 ******** 
Tuesday 25 August 2026  19:52:59 +0530 (0:00:00.042)       0:22:59.622 ******** 
Tuesday 25 August 2026  19:52:59 +0530 (0:00:00.034)       0:22:59.656 ******** 

TASK [kubernetes/control-plane : Kubeadm | Check if kubeadm has already run] ***
ok: [k8s-cp-0]
Tuesday 25 August 2026  19:52:59 +0530 (0:00:00.258)       0:22:59.915 ******** 
Tuesday 25 August 2026  19:52:59 +0530 (0:00:00.062)       0:22:59.977 ******** 
Tuesday 25 August 2026  19:52:59 +0530 (0:00:00.042)       0:23:00.020 ******** 

TASK [kubernetes/control-plane : Kubeadm | aggregate all SANs] *****************
ok: [k8s-cp-0]
Tuesday 25 August 2026  19:52:59 +0530 (0:00:00.156)       0:23:00.177 ******** 
Tuesday 25 August 2026  19:52:59 +0530 (0:00:00.031)       0:23:00.208 ******** 
Tuesday 25 August 2026  19:52:59 +0530 (0:00:00.030)       0:23:00.239 ******** 
Tuesday 25 August 2026  19:52:59 +0530 (0:00:00.032)       0:23:00.271 ******** 
Tuesday 25 August 2026  19:52:59 +0530 (0:00:00.033)       0:23:00.305 ******** 
Tuesday 25 August 2026  19:52:59 +0530 (0:00:00.043)       0:23:00.349 ******** 
Tuesday 25 August 2026  19:52:59 +0530 (0:00:00.037)       0:23:00.386 ******** 

TASK [kubernetes/control-plane : Kubeadm | Create kubeadm config] **************
changed: [k8s-cp-0]
Tuesday 25 August 2026  19:53:00 +0530 (0:00:00.887)       0:23:01.273 ******** 
Tuesday 25 August 2026  19:53:00 +0530 (0:00:00.033)       0:23:01.307 ******** 
Tuesday 25 August 2026  19:53:00 +0530 (0:00:00.032)       0:23:01.339 ******** 
Tuesday 25 August 2026  19:53:00 +0530 (0:00:00.028)       0:23:01.368 ******** 
Tuesday 25 August 2026  19:53:01 +0530 (0:00:00.096)       0:23:01.465 ******** 
Tuesday 25 August 2026  19:53:01 +0530 (0:00:00.107)       0:23:01.572 ******** 
Tuesday 25 August 2026  19:53:01 +0530 (0:00:00.038)       0:23:01.610 ******** 
Tuesday 25 August 2026  19:53:01 +0530 (0:00:00.036)       0:23:01.647 ******** 

TASK [kubernetes/control-plane : Kubeadm | Initialize first control plane node (1st try)] ***
changed: [k8s-cp-0]
Tuesday 25 August 2026  19:53:12 +0530 (0:00:11.549)       0:23:13.196 ******** 
Tuesday 25 August 2026  19:53:13 +0530 (0:00:00.632)       0:23:13.829 ******** 
Tuesday 25 August 2026  19:53:13 +0530 (0:00:00.044)       0:23:13.873 ******** 
Tuesday 25 August 2026  19:53:13 +0530 (0:00:00.037)       0:23:13.911 ******** 

TASK [kubernetes/control-plane : Create kubeadm token for joining nodes with 24h expiration (default)] ***
ok: [k8s-cp-0]
Tuesday 25 August 2026  19:53:13 +0530 (0:00:00.360)       0:23:14.271 ******** 

TASK [kubernetes/control-plane : Set kubeadm_token] ****************************
ok: [k8s-cp-0]
Tuesday 25 August 2026  19:53:13 +0530 (0:00:00.052)       0:23:14.324 ******** 

TASK [kubernetes/control-plane : Kubeadm | Join other control plane nodes] *****
included: ~/kubespray/roles/kubernetes/control-plane/tasks/kubeadm-secondary.yml for k8s-cp-0
Tuesday 25 August 2026  19:53:13 +0530 (0:00:00.063)       0:23:14.388 ******** 

TASK [kubernetes/control-plane : Set kubeadm_discovery_address] ****************
ok: [k8s-cp-0]
Tuesday 25 August 2026  19:53:14 +0530 (0:00:00.201)       0:23:14.589 ******** 

TASK [kubernetes/control-plane : Upload certificates so they are fresh and not expired] ***
changed: [k8s-cp-0]
Tuesday 25 August 2026  19:53:14 +0530 (0:00:00.394)       0:23:14.983 ******** 

TASK [kubernetes/control-plane : Parse certificate key if not set] *************
ok: [k8s-cp-0]
Tuesday 25 August 2026  19:53:14 +0530 (0:00:00.055)       0:23:15.038 ******** 

TASK [kubernetes/control-plane : Wait for k8s apiserver] ***********************
ok: [k8s-cp-0]
Tuesday 25 August 2026  19:53:15 +0530 (0:00:00.497)       0:23:15.536 ******** 

TASK [kubernetes/control-plane : Check already run] ****************************
ok: [k8s-cp-0] => {
    "msg": false
}
Tuesday 25 August 2026  19:53:15 +0530 (0:00:00.084)       0:23:15.620 ******** 
Tuesday 25 August 2026  19:53:15 +0530 (0:00:00.035)       0:23:15.656 ******** 
Tuesday 25 August 2026  19:53:15 +0530 (0:00:00.051)       0:23:15.707 ******** 
Tuesday 25 August 2026  19:53:15 +0530 (0:00:00.040)       0:23:15.747 ******** 
Tuesday 25 August 2026  19:53:15 +0530 (0:00:00.041)       0:23:15.789 ******** 
Tuesday 25 August 2026  19:53:15 +0530 (0:00:00.040)       0:23:15.829 ******** 
Tuesday 25 August 2026  19:53:15 +0530 (0:00:00.049)       0:23:15.879 ******** 
Tuesday 25 August 2026  19:53:15 +0530 (0:00:00.031)       0:23:15.911 ******** 

TASK [kubernetes/control-plane : Kubeadm | Remove taint for control plane node with node role] ***
changed: [k8s-cp-0] => (item=node-role.kubernetes.io/control-plane:NoSchedule-)
Tuesday 25 August 2026  19:53:15 +0530 (0:00:00.471)       0:23:16.382 ******** 
Tuesday 25 August 2026  19:53:16 +0530 (0:00:00.036)       0:23:16.418 ******** 
Tuesday 25 August 2026  19:53:16 +0530 (0:00:00.047)       0:23:16.466 ******** 
Tuesday 25 August 2026  19:53:16 +0530 (0:00:00.046)       0:23:16.513 ******** 

TASK [kubernetes/control-plane : Install script to renew K8S control plane certificates] ***
changed: [k8s-cp-0]
Tuesday 25 August 2026  19:53:16 +0530 (0:00:00.736)       0:23:17.250 ******** 
Tuesday 25 August 2026  19:53:16 +0530 (0:00:00.040)       0:23:17.291 ******** 
Tuesday 25 August 2026  19:53:16 +0530 (0:00:00.048)       0:23:17.339 ******** 

TASK [kubernetes/client : Set external kube-apiserver endpoint] ****************
ok: [k8s-cp-0]
Tuesday 25 August 2026  19:53:17 +0530 (0:00:00.063)       0:23:17.403 ******** 

TASK [kubernetes/client : Create kube config dir for current/ansible become user] ***
changed: [k8s-cp-0]
Tuesday 25 August 2026  19:53:17 +0530 (0:00:00.265)       0:23:17.668 ******** 

TASK [kubernetes/client : Write admin kubeconfig to current/ansible become user home] ***
changed: [k8s-cp-0]
Tuesday 25 August 2026  19:53:17 +0530 (0:00:00.341)       0:23:18.010 ******** 
Tuesday 25 August 2026  19:53:17 +0530 (0:00:00.035)       0:23:18.045 ******** 

TASK [kubernetes/client : Wait for k8s apiserver] ******************************
ok: [k8s-cp-0]
Tuesday 25 August 2026  19:53:17 +0530 (0:00:00.292)       0:23:18.337 ******** 
Tuesday 25 August 2026  19:53:17 +0530 (0:00:00.045)       0:23:18.383 ******** 
Tuesday 25 August 2026  19:53:18 +0530 (0:00:00.045)       0:23:18.428 ******** 
Tuesday 25 August 2026  19:53:18 +0530 (0:00:00.031)       0:23:18.459 ******** 
Tuesday 25 August 2026  19:53:18 +0530 (0:00:00.042)       0:23:18.502 ******** 

TASK [kubernetes-apps/cluster_roles : Kubernetes Apps | Wait for kube-apiserver] ***
ok: [k8s-cp-0]
Tuesday 25 August 2026  19:53:18 +0530 (0:00:00.665)       0:23:19.168 ******** 

TASK [kubernetes-apps/cluster_roles : Kubernetes Apps | Add ClusterRoleBinding to admit nodes] ***
changed: [k8s-cp-0]
Tuesday 25 August 2026  19:53:19 +0530 (0:00:00.750)       0:23:19.918 ******** 

TASK [kubernetes-apps/cluster_roles : Apply workaround to allow all nodes with cert O=system:nodes to register] ***
ok: [k8s-cp-0]
Tuesday 25 August 2026  19:53:20 +0530 (0:00:00.581)       0:23:20.500 ******** 

TASK [kubernetes-apps/cluster_roles : Kubernetes Apps | Remove old webhook ClusterRole] ***
ok: [k8s-cp-0]
Tuesday 25 August 2026  19:53:20 +0530 (0:00:00.405)       0:23:20.905 ******** 

TASK [kubernetes-apps/cluster_roles : Kubernetes Apps | Remove old webhook ClusterRoleBinding] ***
ok: [k8s-cp-0]
Tuesday 25 August 2026  19:53:20 +0530 (0:00:00.352)       0:23:21.257 ******** 

TASK [kubernetes-apps/cluster_roles : PriorityClass | Copy k8s-cluster-critical-pc.yml file] ***
changed: [k8s-cp-0]
Tuesday 25 August 2026  19:53:21 +0530 (0:00:00.586)       0:23:21.844 ******** 

TASK [kubernetes-apps/cluster_roles : PriorityClass | Create k8s-cluster-critical] ***
ok: [k8s-cp-0]
Tuesday 25 August 2026  19:53:21 +0530 (0:00:00.363)       0:23:22.207 ******** 

RUNNING HANDLER [kubernetes/control-plane : Control plane | reload systemd] ****
ok: [k8s-cp-0]
Tuesday 25 August 2026  19:53:22 +0530 (0:00:00.901)       0:23:23.109 ******** 

RUNNING HANDLER [kubernetes/control-plane : Control plane | reload kubelet] ****
changed: [k8s-cp-0]
Tuesday 25 August 2026  19:53:23 +0530 (0:00:00.463)       0:23:23.573 ******** 

RUNNING HANDLER [kubernetes/control-plane : Control plane | wait for kube-scheduler] ***
ok: [k8s-cp-0]
Tuesday 25 August 2026  19:53:23 +0530 (0:00:00.467)       0:23:24.040 ******** 

RUNNING HANDLER [kubernetes/control-plane : Control plane | wait for kube-controller-manager] ***
ok: [k8s-cp-0]
Tuesday 25 August 2026  19:53:24 +0530 (0:00:00.424)       0:23:24.465 ******** 

RUNNING HANDLER [kubernetes/control-plane : Control plane | wait for the apiserver to be running] ***
ok: [k8s-cp-0]

PLAY [Invoke kubeadm and install a CNI] ****************************************
Tuesday 25 August 2026  19:53:24 +0530 (0:00:00.525)       0:23:24.990 ******** 
Tuesday 25 August 2026  19:53:24 +0530 (0:00:00.055)       0:23:25.046 ******** 

TASK [kubernetes/kubeadm_common : Kubeadm | List existing kubeadm patches] *****
ok: [k8s-cp-0]
ok: [k8s-w-0]
Tuesday 25 August 2026  19:53:24 +0530 (0:00:00.284)       0:23:25.331 ******** 
Tuesday 25 August 2026  19:53:24 +0530 (0:00:00.049)       0:23:25.381 ******** 
Tuesday 25 August 2026  19:53:25 +0530 (0:00:00.074)       0:23:25.456 ******** 

TASK [kubernetes/kubeadm : Set kubeadm_discovery_address] **********************
ok: [k8s-cp-0]
ok: [k8s-w-0]
Tuesday 25 August 2026  19:53:25 +0530 (0:00:00.145)       0:23:25.601 ******** 

TASK [kubernetes/kubeadm : Check if kubelet.conf exists] ***********************
ok: [k8s-cp-0]
ok: [k8s-w-0]
Tuesday 25 August 2026  19:53:25 +0530 (0:00:00.285)       0:23:25.886 ******** 

TASK [kubernetes/kubeadm : Check if kubeadm CA cert is accessible] *************
ok: [k8s-cp-0]
Tuesday 25 August 2026  19:53:25 +0530 (0:00:00.290)       0:23:26.177 ******** 

TASK [kubernetes/kubeadm : Fetch CA certificate from control plane node] *******
ok: [k8s-cp-0]
Tuesday 25 August 2026  19:53:26 +0530 (0:00:00.270)       0:23:26.448 ******** 

TASK [kubernetes/kubeadm : Create kubeadm token for joining nodes with 24h expiration (default)] ***
ok: [k8s-w-0 -> k8s-cp-0(192.168.56.134)]
Tuesday 25 August 2026  19:53:26 +0530 (0:00:00.345)       0:23:26.793 ******** 

TASK [kubernetes/kubeadm : Set kubeadm_token to generated token] ***************
ok: [k8s-w-0]
Tuesday 25 August 2026  19:53:26 +0530 (0:00:00.078)       0:23:26.871 ******** 
Tuesday 25 August 2026  19:53:26 +0530 (0:00:00.048)       0:23:26.920 ******** 

TASK [kubernetes/kubeadm : Check if discovery kubeconfig exists] ***************
ok: [k8s-cp-0]
ok: [k8s-w-0]
Tuesday 25 August 2026  19:53:26 +0530 (0:00:00.288)       0:23:27.209 ******** 
Tuesday 25 August 2026  19:53:26 +0530 (0:00:00.058)       0:23:27.268 ******** 

TASK [kubernetes/kubeadm : Create kubeadm client config] ***********************
changed: [k8s-w-0]
Tuesday 25 August 2026  19:53:27 +0530 (0:00:00.785)       0:23:28.053 ******** 

TASK [kubernetes/kubeadm : Join to cluster if needed] **************************
changed: [k8s-w-0]
Tuesday 25 August 2026  19:53:29 +0530 (0:00:01.602)       0:23:29.656 ******** 

TASK [kubernetes/kubeadm : Update server field in kubelet kubeconfig] **********
changed: [k8s-w-0]
Tuesday 25 August 2026  19:53:29 +0530 (0:00:00.465)       0:23:30.121 ******** 
Tuesday 25 August 2026  19:53:29 +0530 (0:00:00.063)       0:23:30.185 ******** 

TASK [kubernetes/kubeadm : Get current resourceVersion of kube-proxy configmap] ***
changed: [k8s-cp-0]
Tuesday 25 August 2026  19:53:30 +0530 (0:00:00.362)       0:23:30.547 ******** 

TASK [kubernetes/kubeadm : Update server field in kube-proxy kubeconfig] *******
changed: [k8s-cp-0]
Tuesday 25 August 2026  19:53:30 +0530 (0:00:00.555)       0:23:31.103 ******** 
Tuesday 25 August 2026  19:53:30 +0530 (0:00:00.076)       0:23:31.180 ******** 

TASK [kubernetes/kubeadm : Get new resourceVersion of kube-proxy configmap] ****
changed: [k8s-cp-0]
Tuesday 25 August 2026  19:53:31 +0530 (0:00:00.382)       0:23:31.562 ******** 

TASK [kubernetes/kubeadm : Set ca.crt file permission] *************************
ok: [k8s-w-0]
ok: [k8s-cp-0]
Tuesday 25 August 2026  19:53:31 +0530 (0:00:00.377)       0:23:31.940 ******** 

TASK [kubernetes/kubeadm : Restart all kube-proxy pods to ensure that they load the new configmap] ***
changed: [k8s-cp-0]
Tuesday 25 August 2026  19:53:32 +0530 (0:00:00.483)       0:23:32.424 ******** 
Tuesday 25 August 2026  19:53:32 +0530 (0:00:00.092)       0:23:32.516 ******** 

TASK [kubernetes/node-label : Kubernetes Apps | Wait for kube-apiserver] *******
ok: [k8s-cp-0]
Tuesday 25 August 2026  19:53:32 +0530 (0:00:00.605)       0:23:33.122 ******** 

TASK [kubernetes/node-label : Set role node label to empty list] ***************
ok: [k8s-cp-0]
ok: [k8s-w-0]
Tuesday 25 August 2026  19:53:32 +0530 (0:00:00.080)       0:23:33.203 ******** 
Tuesday 25 August 2026  19:53:32 +0530 (0:00:00.074)       0:23:33.277 ******** 

TASK [kubernetes/node-label : Set inventory node label to empty list] **********
ok: [k8s-cp-0]
ok: [k8s-w-0]
Tuesday 25 August 2026  19:53:32 +0530 (0:00:00.085)       0:23:33.362 ******** 
Tuesday 25 August 2026  19:53:33 +0530 (0:00:00.065)       0:23:33.428 ******** 

TASK [kubernetes/node-label : debug] *******************************************
ok: [k8s-cp-0] => {
    "role_node_labels": []
}
ok: [k8s-w-0] => {
    "role_node_labels": []
}
Tuesday 25 August 2026  19:53:33 +0530 (0:00:00.110)       0:23:33.539 ******** 

TASK [kubernetes/node-label : debug] *******************************************
ok: [k8s-cp-0] => {
    "inventory_node_labels": []
}
ok: [k8s-w-0] => {
    "inventory_node_labels": []
}
Tuesday 25 August 2026  19:53:33 +0530 (0:00:00.099)       0:23:33.638 ******** 
Tuesday 25 August 2026  19:53:33 +0530 (0:00:00.093)       0:23:33.731 ******** 

TASK [kubernetes/node-taint : Set role and inventory node taint to empty list] ***
ok: [k8s-cp-0]
ok: [k8s-w-0]
Tuesday 25 August 2026  19:53:33 +0530 (0:00:00.225)       0:23:33.957 ******** 
Tuesday 25 August 2026  19:53:33 +0530 (0:00:00.072)       0:23:34.029 ******** 

TASK [kubernetes/node-taint : Populate inventory node taint] *******************
ok: [k8s-cp-0]
ok: [k8s-w-0]
Tuesday 25 August 2026  19:53:33 +0530 (0:00:00.080)       0:23:34.110 ******** 

TASK [kubernetes/node-taint : debug] *******************************************
ok: [k8s-cp-0] => {
    "role_node_taints": []
}
ok: [k8s-w-0] => {
    "role_node_taints": []
}
Tuesday 25 August 2026  19:53:33 +0530 (0:00:00.078)       0:23:34.189 ******** 

TASK [kubernetes/node-taint : debug] *******************************************
ok: [k8s-cp-0] => {
    "inventory_node_taints": []
}
ok: [k8s-w-0] => {
    "inventory_node_taints": []
}
Tuesday 25 August 2026  19:53:33 +0530 (0:00:00.077)       0:23:34.266 ******** 
Tuesday 25 August 2026  19:53:33 +0530 (0:00:00.099)       0:23:34.366 ******** 
Tuesday 25 August 2026  19:53:34 +0530 (0:00:00.059)       0:23:34.425 ******** 
Tuesday 25 August 2026  19:53:34 +0530 (0:00:00.066)       0:23:34.491 ******** 
Tuesday 25 August 2026  19:53:34 +0530 (0:00:00.073)       0:23:34.565 ******** 
Tuesday 25 August 2026  19:53:34 +0530 (0:00:00.081)       0:23:34.647 ******** 
Tuesday 25 August 2026  19:53:34 +0530 (0:00:00.065)       0:23:34.713 ******** 
Tuesday 25 August 2026  19:53:34 +0530 (0:00:00.120)       0:23:34.833 ******** 

TASK [Container Network Interface plugin] **************************************
included: network_plugin/cni for k8s-cp-0, k8s-w-0
Tuesday 25 August 2026  19:53:34 +0530 (0:00:00.094)       0:23:34.927 ******** 

TASK [network_plugin/cni : CNI | make sure /opt/cni/bin exists] ****************
ok: [k8s-cp-0]
ok: [k8s-w-0]
Tuesday 25 August 2026  19:53:34 +0530 (0:00:00.316)       0:23:35.243 ******** 

TASK [network_plugin/cni : CNI | Copy cni plugins] *****************************
changed: [k8s-cp-0]
changed: [k8s-w-0]
Tuesday 25 August 2026  19:53:40 +0530 (0:00:05.525)       0:23:40.769 ******** 

TASK [Network plugin] **********************************************************
included: network_plugin/calico for k8s-cp-0, k8s-w-0
Tuesday 25 August 2026  19:53:40 +0530 (0:00:00.135)       0:23:40.905 ******** 

TASK [network_plugin/calico : Slurp CNI config] ********************************
ok: [k8s-cp-0]
ok: [k8s-w-0]
Tuesday 25 August 2026  19:53:40 +0530 (0:00:00.302)       0:23:41.208 ******** 
Tuesday 25 August 2026  19:53:40 +0530 (0:00:00.072)       0:23:41.281 ******** 
Tuesday 25 August 2026  19:53:40 +0530 (0:00:00.074)       0:23:41.356 ******** 

TASK [network_plugin/calico : Calico | Gather os specific variables] ***********
ok: [k8s-cp-0] => (item=~/kubespray/roles/network_plugin/calico/vars/debian.yml)
ok: [k8s-w-0] => (item=~/kubespray/roles/network_plugin/calico/vars/debian.yml)
Tuesday 25 August 2026  19:53:41 +0530 (0:00:00.137)       0:23:41.493 ******** 
Tuesday 25 August 2026  19:53:41 +0530 (0:00:00.058)       0:23:41.552 ******** 

TASK [network_plugin/calico : Calico install] **********************************
included: ~/kubespray/roles/network_plugin/calico/tasks/install.yml for k8s-cp-0, k8s-w-0
Tuesday 25 August 2026  19:53:41 +0530 (0:00:00.112)       0:23:41.664 ******** 
Tuesday 25 August 2026  19:53:41 +0530 (0:00:00.060)       0:23:41.724 ******** 

TASK [network_plugin/calico : Calico | Copy calicoctl binary from download dir] ***
changed: [k8s-w-0]
changed: [k8s-cp-0]
Tuesday 25 August 2026  19:53:43 +0530 (0:00:02.633)       0:23:44.358 ******** 
Tuesday 25 August 2026  19:53:44 +0530 (0:00:00.087)       0:23:44.446 ******** 
Tuesday 25 August 2026  19:53:44 +0530 (0:00:00.130)       0:23:44.577 ******** 
Tuesday 25 August 2026  19:53:44 +0530 (0:00:00.081)       0:23:44.658 ******** 
Tuesday 25 August 2026  19:53:44 +0530 (0:00:00.078)       0:23:44.737 ******** 

TASK [network_plugin/calico : Calico | Install calicoctl wrapper script] *******
changed: [k8s-cp-0]
changed: [k8s-w-0]
Tuesday 25 August 2026  19:53:48 +0530 (0:00:03.977)       0:23:48.714 ******** 
Tuesday 25 August 2026  19:53:48 +0530 (0:00:00.040)       0:23:48.754 ******** 

TASK [network_plugin/calico : Calico | Check if calico network pool has already been configured] ***
ok: [k8s-cp-0]
Tuesday 25 August 2026  19:53:48 +0530 (0:00:00.304)       0:23:49.059 ******** 
Tuesday 25 August 2026  19:53:48 +0530 (0:00:00.065)       0:23:49.125 ******** 
Tuesday 25 August 2026  19:53:48 +0530 (0:00:00.066)       0:23:49.191 ******** 
Tuesday 25 August 2026  19:53:48 +0530 (0:00:00.065)       0:23:49.257 ******** 

TASK [network_plugin/calico : Calico | Create calico manifests for kdd] ********
changed: [k8s-cp-0]
Tuesday 25 August 2026  19:53:49 +0530 (0:00:00.469)       0:23:49.726 ******** 

TASK [network_plugin/calico : Calico | Create Calico Kubernetes datastore resources] ***
ok: [k8s-cp-0]
Tuesday 25 August 2026  19:53:50 +0530 (0:00:01.138)       0:23:50.865 ******** 

TASK [network_plugin/calico : Calico | Get existing FelixConfiguration] ********
fatal: [k8s-cp-0]: FAILED! => {"changed": false, "cmd": ["/usr/local/bin/calicoctl.sh", "get", "felixconfig", "default", "-o", "json"], "delta": "0:00:00.137040", "end": "2026-08-25 19:53:50.968069", "msg": "non-zero return code", "rc": 1, "start": "2026-08-25 19:53:50.831029", "stderr": "resource does not exist: FelixConfiguration(default) with error: felixconfigurations.crd.projectcalico.org \"default\" not found", "stderr_lines": ["resource does not exist: FelixConfiguration(default) with error: felixconfigurations.crd.projectcalico.org \"default\" not found"], "stdout": "null", "stdout_lines": ["null"]}
...ignoring
Tuesday 25 August 2026  19:53:51 +0530 (0:00:00.528)       0:23:51.393 ******** 

TASK [network_plugin/calico : Calico | Set kubespray FelixConfiguration] *******
ok: [k8s-cp-0]
Tuesday 25 August 2026  19:53:51 +0530 (0:00:00.057)       0:23:51.451 ******** 
Tuesday 25 August 2026  19:53:51 +0530 (0:00:00.063)       0:23:51.514 ******** 

TASK [network_plugin/calico : Calico | Configure calico FelixConfiguration] ****
ok: [k8s-cp-0]
Tuesday 25 August 2026  19:53:53 +0530 (0:00:02.396)       0:23:53.911 ******** 

TASK [network_plugin/calico : Calico | Get existing calico network pool] *******
fatal: [k8s-cp-0]: FAILED! => {"changed": false, "cmd": ["/usr/local/bin/calicoctl.sh", "get", "ippool", "default-pool", "-o", "json"], "delta": "0:00:00.057321", "end": "2026-08-25 19:53:53.810282", "msg": "non-zero return code", "rc": 1, "start": "2026-08-25 19:53:53.752961", "stderr": "resource does not exist: IPPool(default-pool) with error: ippools.crd.projectcalico.org \"default-pool\" not found", "stderr_lines": ["resource does not exist: IPPool(default-pool) with error: ippools.crd.projectcalico.org \"default-pool\" not found"], "stdout": "null", "stdout_lines": ["null"]}
...ignoring
Tuesday 25 August 2026  19:53:53 +0530 (0:00:00.324)       0:23:54.236 ******** 

TASK [network_plugin/calico : Calico | Set kubespray calico network pool] ******
ok: [k8s-cp-0]
Tuesday 25 August 2026  19:53:53 +0530 (0:00:00.072)       0:23:54.309 ******** 
Tuesday 25 August 2026  19:53:53 +0530 (0:00:00.064)       0:23:54.373 ******** 
Tuesday 25 August 2026  19:53:54 +0530 (0:00:00.066)       0:23:54.440 ******** 

TASK [network_plugin/calico : Calico | Configure calico network pool] **********
ok: [k8s-cp-0]
Tuesday 25 August 2026  19:53:54 +0530 (0:00:00.500)       0:23:54.940 ******** 
Tuesday 25 August 2026  19:53:54 +0530 (0:00:00.060)       0:23:55.001 ******** 
Tuesday 25 August 2026  19:53:54 +0530 (0:00:00.068)       0:23:55.070 ******** 
Tuesday 25 August 2026  19:53:54 +0530 (0:00:00.090)       0:23:55.160 ******** 
Tuesday 25 August 2026  19:53:54 +0530 (0:00:00.070)       0:23:55.231 ******** 
Tuesday 25 August 2026  19:53:54 +0530 (0:00:00.062)       0:23:55.293 ******** 
Tuesday 25 August 2026  19:53:54 +0530 (0:00:00.047)       0:23:55.341 ******** 
Tuesday 25 August 2026  19:53:54 +0530 (0:00:00.030)       0:23:55.372 ******** 
Tuesday 25 August 2026  19:53:55 +0530 (0:00:00.037)       0:23:55.409 ******** 

TASK [network_plugin/calico : Calico | Get existing BGP Configuration] *********
fatal: [k8s-cp-0]: FAILED! => {"changed": false, "cmd": ["/usr/local/bin/calicoctl.sh", "get", "bgpconfig", "default", "-o", "json"], "delta": "0:00:00.106204", "end": "2026-08-25 19:53:55.428388", "msg": "non-zero return code", "rc": 1, "start": "2026-08-25 19:53:55.322184", "stderr": "resource does not exist: BGPConfiguration(default) with error: bgpconfigurations.crd.projectcalico.org \"default\" not found", "stderr_lines": ["resource does not exist: BGPConfiguration(default) with error: bgpconfigurations.crd.projectcalico.org \"default\" not found"], "stdout": "null", "stdout_lines": ["null"]}
...ignoring
Tuesday 25 August 2026  19:53:55 +0530 (0:00:00.444)       0:23:55.854 ******** 

TASK [network_plugin/calico : Calico | Set kubespray BGP Configuration] ********
ok: [k8s-cp-0]
Tuesday 25 August 2026  19:53:55 +0530 (0:00:00.066)       0:23:55.920 ******** 
Tuesday 25 August 2026  19:53:55 +0530 (0:00:00.067)       0:23:55.988 ******** 

TASK [network_plugin/calico : Calico | Set up BGP Configuration] ***************
ok: [k8s-cp-0]
Tuesday 25 August 2026  19:53:55 +0530 (0:00:00.323)       0:23:56.312 ******** 

TASK [network_plugin/calico : Calico | Create calico manifests] ****************
changed: [k8s-cp-0] => (item={'name': 'calico-config', 'file': 'calico-config.yml', 'type': 'cm'})
changed: [k8s-cp-0] => (item={'name': 'calico-node', 'file': 'calico-node.yml', 'type': 'ds'})
changed: [k8s-cp-0] => (item={'name': 'calico', 'file': 'calico-node-sa.yml', 'type': 'sa'})
changed: [k8s-cp-0] => (item={'name': 'calico', 'file': 'calico-cr.yml', 'type': 'clusterrole'})
changed: [k8s-cp-0] => (item={'name': 'calico', 'file': 'calico-crb.yml', 'type': 'clusterrolebinding'})
changed: [k8s-cp-0] => (item={'name': 'kubernetes-services-endpoint', 'file': 'kubernetes-services-endpoint.yml', 'type': 'cm'})
Tuesday 25 August 2026  19:53:59 +0530 (0:00:03.736)       0:24:00.049 ******** 
Tuesday 25 August 2026  19:53:59 +0530 (0:00:00.064)       0:24:00.114 ******** 
Tuesday 25 August 2026  19:53:59 +0530 (0:00:00.072)       0:24:00.186 ******** 
Tuesday 25 August 2026  19:53:59 +0530 (0:00:00.069)       0:24:00.256 ******** 
Tuesday 25 August 2026  19:53:59 +0530 (0:00:00.060)       0:24:00.317 ******** 

TASK [network_plugin/calico : Start Calico resources] **************************
ok: [k8s-cp-0] => (item=calico-config.yml)
ok: [k8s-cp-0] => (item=calico-node.yml)
ok: [k8s-cp-0] => (item=calico-node-sa.yml)
ok: [k8s-cp-0] => (item=calico-cr.yml)
ok: [k8s-cp-0] => (item=calico-crb.yml)
ok: [k8s-cp-0] => (item=kubernetes-services-endpoint.yml)
Tuesday 25 August 2026  19:54:02 +0530 (0:00:02.618)       0:24:02.935 ******** 
Tuesday 25 August 2026  19:54:02 +0530 (0:00:00.089)       0:24:03.025 ******** 

TASK [network_plugin/calico : Wait for calico kubeconfig to be created] ********
ok: [k8s-w-0]
Tuesday 25 August 2026  19:54:12 +0530 (0:00:09.826)       0:24:12.851 ******** 

TASK [network_plugin/calico : Calico | Create Calico ipam manifests] ***********
changed: [k8s-cp-0] => (item={'name': 'calico', 'file': 'calico-ipamconfig.yml', 'type': 'ipam'})
Tuesday 25 August 2026  19:54:13 +0530 (0:00:00.847)       0:24:13.699 ******** 

TASK [network_plugin/calico : Calico | Create ipamconfig resources] ************
ok: [k8s-cp-0]
Tuesday 25 August 2026  19:54:15 +0530 (0:00:02.504)       0:24:16.203 ******** 
Tuesday 25 August 2026  19:54:15 +0530 (0:00:00.102)       0:24:16.305 ******** 
Tuesday 25 August 2026  19:54:16 +0530 (0:00:00.140)       0:24:16.446 ******** 
Tuesday 25 August 2026  19:54:16 +0530 (0:00:00.095)       0:24:16.541 ******** 
Tuesday 25 August 2026  19:54:16 +0530 (0:00:00.269)       0:24:16.811 ******** 

RUNNING HANDLER [kubernetes/kubeadm : Kubeadm | reload systemd] ****************
ok: [k8s-w-0]
Tuesday 25 August 2026  19:54:23 +0530 (0:00:06.809)       0:24:23.620 ******** 

RUNNING HANDLER [kubernetes/kubeadm : Kubeadm | reload kubelet] ****************
changed: [k8s-w-0]

PLAY [Install Calico Route Reflector] ******************************************
skipping: no hosts matched

PLAY [Patch Kubernetes for Windows] ********************************************
Tuesday 25 August 2026  19:54:25 +0530 (0:00:01.784)       0:24:25.405 ******** 

TASK [win_nodes/kubernetes_patch : Ensure that user manifests directory exists] ***
changed: [k8s-cp-0]
Tuesday 25 August 2026  19:54:40 +0530 (0:00:15.571)       0:24:40.976 ******** 

TASK [win_nodes/kubernetes_patch : Check current nodeselector for kube-proxy daemonset] ***
ok: [k8s-cp-0]
Tuesday 25 August 2026  19:54:43 +0530 (0:00:03.025)       0:24:44.002 ******** 

TASK [win_nodes/kubernetes_patch : Apply nodeselector patch for kube-proxy daemonset] ***
changed: [k8s-cp-0]
Tuesday 25 August 2026  19:54:44 +0530 (0:00:00.879)       0:24:44.882 ******** 

TASK [win_nodes/kubernetes_patch : debug] **************************************
ok: [k8s-cp-0] => {
    "msg": [
        "daemonset.apps/kube-proxy patched (no change)"
    ]
}
Tuesday 25 August 2026  19:54:44 +0530 (0:00:00.107)       0:24:44.989 ******** 

TASK [win_nodes/kubernetes_patch : debug] **************************************
ok: [k8s-cp-0] => {
    "msg": []
}

PLAY [Install Kubernetes apps] *************************************************
Tuesday 25 August 2026  19:54:44 +0530 (0:00:00.175)       0:24:45.164 ******** 
Tuesday 25 August 2026  19:54:44 +0530 (0:00:00.062)       0:24:45.227 ******** 
Tuesday 25 August 2026  19:54:44 +0530 (0:00:00.055)       0:24:45.283 ******** 
Tuesday 25 August 2026  19:54:44 +0530 (0:00:00.042)       0:24:45.325 ******** 
Tuesday 25 August 2026  19:54:44 +0530 (0:00:00.047)       0:24:45.373 ******** 
Tuesday 25 August 2026  19:54:45 +0530 (0:00:00.059)       0:24:45.433 ******** 
Tuesday 25 August 2026  19:54:45 +0530 (0:00:00.037)       0:24:45.471 ******** 
Tuesday 25 August 2026  19:54:45 +0530 (0:00:00.041)       0:24:45.512 ******** 
Tuesday 25 August 2026  19:54:45 +0530 (0:00:00.059)       0:24:45.572 ******** 
Tuesday 25 August 2026  19:54:45 +0530 (0:00:00.044)       0:24:45.617 ******** 
Tuesday 25 August 2026  19:54:45 +0530 (0:00:00.084)       0:24:45.702 ******** 
Tuesday 25 August 2026  19:54:45 +0530 (0:00:00.075)       0:24:45.777 ******** 
Tuesday 25 August 2026  19:54:45 +0530 (0:00:00.047)       0:24:45.824 ******** 
Tuesday 25 August 2026  19:54:45 +0530 (0:00:00.074)       0:24:45.899 ******** 
Tuesday 25 August 2026  19:54:45 +0530 (0:00:00.042)       0:24:45.942 ******** 
Tuesday 25 August 2026  19:54:45 +0530 (0:00:00.041)       0:24:45.983 ******** 
Tuesday 25 August 2026  19:54:45 +0530 (0:00:00.049)       0:24:46.033 ******** 
Tuesday 25 August 2026  19:54:45 +0530 (0:00:00.056)       0:24:46.090 ******** 
Tuesday 25 August 2026  19:54:45 +0530 (0:00:00.131)       0:24:46.222 ******** 
Tuesday 25 August 2026  19:54:45 +0530 (0:00:00.051)       0:24:46.273 ******** 
Tuesday 25 August 2026  19:54:45 +0530 (0:00:00.067)       0:24:46.341 ******** 
Tuesday 25 August 2026  19:54:45 +0530 (0:00:00.041)       0:24:46.383 ******** 
Tuesday 25 August 2026  19:54:46 +0530 (0:00:00.065)       0:24:46.448 ******** 
Tuesday 25 August 2026  19:54:46 +0530 (0:00:00.087)       0:24:46.536 ******** 

TASK [policy_controller/calico : Create calico-kube-controllers manifests] *****
changed: [k8s-cp-0] => (item={'name': 'calico-kube-controllers', 'file': 'calico-kube-controllers.yml', 'type': 'deployment'})
changed: [k8s-cp-0] => (item={'name': 'calico-kube-controllers', 'file': 'calico-kube-sa.yml', 'type': 'sa'})
changed: [k8s-cp-0] => (item={'name': 'calico-kube-controllers', 'file': 'calico-kube-cr.yml', 'type': 'clusterrole'})
changed: [k8s-cp-0] => (item={'name': 'calico-kube-controllers', 'file': 'calico-kube-crb.yml', 'type': 'clusterrolebinding'})
Tuesday 25 August 2026  19:54:49 +0530 (0:00:03.689)       0:24:50.226 ******** 

TASK [policy_controller/calico : Start of Calico kube controllers] *************
ok: [k8s-cp-0] => (item=calico-kube-controllers.yml)
ok: [k8s-cp-0] => (item=calico-kube-sa.yml)
ok: [k8s-cp-0] => (item=calico-kube-cr.yml)
ok: [k8s-cp-0] => (item=calico-kube-crb.yml)
Tuesday 25 August 2026  19:54:52 +0530 (0:00:02.455)       0:24:52.681 ******** 
Tuesday 25 August 2026  19:54:52 +0530 (0:00:00.092)       0:24:52.774 ******** 
Tuesday 25 August 2026  19:54:52 +0530 (0:00:00.071)       0:24:52.845 ******** 
Tuesday 25 August 2026  19:54:52 +0530 (0:00:00.140)       0:24:52.986 ******** 
Tuesday 25 August 2026  19:54:52 +0530 (0:00:00.055)       0:24:53.042 ******** 
Tuesday 25 August 2026  19:54:52 +0530 (0:00:00.053)       0:24:53.095 ******** 
Tuesday 25 August 2026  19:54:52 +0530 (0:00:00.070)       0:24:53.165 ******** 
Tuesday 25 August 2026  19:54:52 +0530 (0:00:00.053)       0:24:53.219 ******** 
Tuesday 25 August 2026  19:54:52 +0530 (0:00:00.091)       0:24:53.311 ******** 
Tuesday 25 August 2026  19:54:53 +0530 (0:00:00.111)       0:24:53.423 ******** 
Tuesday 25 August 2026  19:54:53 +0530 (0:00:00.061)       0:24:53.485 ******** 
Tuesday 25 August 2026  19:54:53 +0530 (0:00:00.058)       0:24:53.544 ******** 
Tuesday 25 August 2026  19:54:53 +0530 (0:00:00.055)       0:24:53.599 ******** 
Tuesday 25 August 2026  19:54:53 +0530 (0:00:00.050)       0:24:53.650 ******** 
Tuesday 25 August 2026  19:54:53 +0530 (0:00:00.072)       0:24:53.723 ******** 
Tuesday 25 August 2026  19:54:53 +0530 (0:00:00.084)       0:24:53.807 ******** 
Tuesday 25 August 2026  19:54:53 +0530 (0:00:00.052)       0:24:53.860 ******** 
Tuesday 25 August 2026  19:54:53 +0530 (0:00:00.049)       0:24:53.909 ******** 
Tuesday 25 August 2026  19:54:53 +0530 (0:00:00.059)       0:24:53.969 ******** 
Tuesday 25 August 2026  19:54:53 +0530 (0:00:00.100)       0:24:54.070 ******** 

TASK [kubernetes-apps/ansible : Kubernetes Apps | Wait for kube-apiserver] *****
ok: [k8s-cp-0]
Tuesday 25 August 2026  19:54:54 +0530 (0:00:00.794)       0:24:54.864 ******** 

TASK [kubernetes-apps/ansible : Kubernetes Apps | CoreDNS] *********************
changed: [k8s-cp-0] => (item=coredns-clusterrole.yml.j2)
changed: [k8s-cp-0] => (item=coredns-clusterrolebinding.yml.j2)
changed: [k8s-cp-0] => (item=coredns-config.yml.j2)
changed: [k8s-cp-0] => (item=coredns-deployment.yml.j2)
changed: [k8s-cp-0] => (item=coredns-sa.yml.j2)
changed: [k8s-cp-0] => (item=coredns-svc.yml.j2)
changed: [k8s-cp-0] => (item=dns-autoscaler-sa.yml.j2)
changed: [k8s-cp-0] => (item=dns-autoscaler.yml.j2)
changed: [k8s-cp-0] => (item=dns-autoscaler-clusterrole.yml.j2)
changed: [k8s-cp-0] => (item=dns-autoscaler-clusterrolebinding.yml.j2)
Tuesday 25 August 2026  19:55:01 +0530 (0:00:07.220)       0:25:02.085 ******** 
Tuesday 25 August 2026  19:55:01 +0530 (0:00:00.255)       0:25:02.341 ******** 

TASK [kubernetes-apps/ansible : Kubernetes Apps | nodelocalDNS] ****************
changed: [k8s-cp-0] => (item=nodelocaldns-config.yml.j2)
changed: [k8s-cp-0] => (item=nodelocaldns-daemonset.yml.j2)
changed: [k8s-cp-0] => (item=nodelocaldns-sa.yml.j2)
Tuesday 25 August 2026  19:55:04 +0530 (0:00:02.573)       0:25:04.914 ******** 
Tuesday 25 August 2026  19:55:04 +0530 (0:00:00.137)       0:25:05.052 ******** 
Tuesday 25 August 2026  19:55:04 +0530 (0:00:00.073)       0:25:05.125 ******** 
Tuesday 25 August 2026  19:55:04 +0530 (0:00:00.065)       0:25:05.191 ******** 
Tuesday 25 August 2026  19:55:04 +0530 (0:00:00.055)       0:25:05.247 ******** 
Tuesday 25 August 2026  19:55:04 +0530 (0:00:00.074)       0:25:05.322 ******** 
Tuesday 25 August 2026  19:55:05 +0530 (0:00:00.088)       0:25:05.410 ******** 
Tuesday 25 August 2026  19:55:05 +0530 (0:00:00.061)       0:25:05.472 ******** 
Tuesday 25 August 2026  19:55:05 +0530 (0:00:00.072)       0:25:05.545 ******** 
Tuesday 25 August 2026  19:55:05 +0530 (0:00:00.064)       0:25:05.609 ******** 
Tuesday 25 August 2026  19:55:05 +0530 (0:00:00.062)       0:25:05.671 ******** 
Tuesday 25 August 2026  19:55:05 +0530 (0:00:00.059)       0:25:05.731 ******** 
Tuesday 25 August 2026  19:55:05 +0530 (0:00:00.066)       0:25:05.797 ******** 
Tuesday 25 August 2026  19:55:05 +0530 (0:00:00.061)       0:25:05.859 ******** 
Tuesday 25 August 2026  19:55:05 +0530 (0:00:00.064)       0:25:05.923 ******** 
Tuesday 25 August 2026  19:55:05 +0530 (0:00:00.075)       0:25:05.999 ******** 
Tuesday 25 August 2026  19:55:05 +0530 (0:00:00.059)       0:25:06.059 ******** 
Tuesday 25 August 2026  19:55:05 +0530 (0:00:00.074)       0:25:06.133 ******** 
Tuesday 25 August 2026  19:55:05 +0530 (0:00:00.076)       0:25:06.209 ******** 
Tuesday 25 August 2026  19:55:05 +0530 (0:00:00.090)       0:25:06.300 ******** 
Tuesday 25 August 2026  19:55:05 +0530 (0:00:00.062)       0:25:06.363 ******** 
Tuesday 25 August 2026  19:55:06 +0530 (0:00:00.062)       0:25:06.426 ******** 
Tuesday 25 August 2026  19:55:06 +0530 (0:00:00.060)       0:25:06.487 ******** 
Tuesday 25 August 2026  19:55:06 +0530 (0:00:00.062)       0:25:06.550 ******** 
Tuesday 25 August 2026  19:55:06 +0530 (0:00:00.081)       0:25:06.631 ******** 
Tuesday 25 August 2026  19:55:06 +0530 (0:00:00.084)       0:25:06.716 ******** 
Tuesday 25 August 2026  19:55:06 +0530 (0:00:00.096)       0:25:06.813 ******** 
Tuesday 25 August 2026  19:55:06 +0530 (0:00:00.055)       0:25:06.868 ******** 
Tuesday 25 August 2026  19:55:06 +0530 (0:00:00.058)       0:25:06.927 ******** 
Tuesday 25 August 2026  19:55:06 +0530 (0:00:00.055)       0:25:06.983 ******** 
Tuesday 25 August 2026  19:55:06 +0530 (0:00:00.054)       0:25:07.038 ******** 
Tuesday 25 August 2026  19:55:06 +0530 (0:00:00.085)       0:25:07.123 ******** 
Tuesday 25 August 2026  19:55:06 +0530 (0:00:00.100)       0:25:07.223 ******** 
Tuesday 25 August 2026  19:55:06 +0530 (0:00:00.077)       0:25:07.301 ******** 
Tuesday 25 August 2026  19:55:07 +0530 (0:00:00.103)       0:25:07.405 ******** 
Tuesday 25 August 2026  19:55:07 +0530 (0:00:00.054)       0:25:07.459 ******** 
Tuesday 25 August 2026  19:55:07 +0530 (0:00:00.056)       0:25:07.516 ******** 
Tuesday 25 August 2026  19:55:07 +0530 (0:00:00.069)       0:25:07.585 ******** 
Tuesday 25 August 2026  19:55:07 +0530 (0:00:00.090)       0:25:07.676 ******** 
Tuesday 25 August 2026  19:55:07 +0530 (0:00:00.095)       0:25:07.772 ******** 
Tuesday 25 August 2026  19:55:07 +0530 (0:00:00.051)       0:25:07.823 ******** 
Tuesday 25 August 2026  19:55:07 +0530 (0:00:00.049)       0:25:07.872 ******** 
Tuesday 25 August 2026  19:55:07 +0530 (0:00:00.049)       0:25:07.921 ******** 
Tuesday 25 August 2026  19:55:07 +0530 (0:00:00.083)       0:25:08.005 ******** 
Tuesday 25 August 2026  19:55:07 +0530 (0:00:00.100)       0:25:08.105 ******** 
Tuesday 25 August 2026  19:55:07 +0530 (0:00:00.050)       0:25:08.155 ******** 
Tuesday 25 August 2026  19:55:07 +0530 (0:00:00.049)       0:25:08.205 ******** 
Tuesday 25 August 2026  19:55:07 +0530 (0:00:00.074)       0:25:08.280 ******** 
Tuesday 25 August 2026  19:55:07 +0530 (0:00:00.093)       0:25:08.374 ******** 
Tuesday 25 August 2026  19:55:08 +0530 (0:00:00.053)       0:25:08.427 ******** 
Tuesday 25 August 2026  19:55:08 +0530 (0:00:00.056)       0:25:08.483 ******** 
Tuesday 25 August 2026  19:55:08 +0530 (0:00:00.084)       0:25:08.568 ******** 
Tuesday 25 August 2026  19:55:08 +0530 (0:00:00.080)       0:25:08.648 ******** 
Tuesday 25 August 2026  19:55:08 +0530 (0:00:00.050)       0:25:08.698 ******** 
Tuesday 25 August 2026  19:55:08 +0530 (0:00:00.062)       0:25:08.761 ******** 
Tuesday 25 August 2026  19:55:08 +0530 (0:00:00.045)       0:25:08.806 ******** 
Tuesday 25 August 2026  19:55:08 +0530 (0:00:00.061)       0:25:08.868 ******** 
Tuesday 25 August 2026  19:55:08 +0530 (0:00:00.045)       0:25:08.914 ******** 
Tuesday 25 August 2026  19:55:08 +0530 (0:00:00.055)       0:25:08.969 ******** 
Tuesday 25 August 2026  19:55:08 +0530 (0:00:00.043)       0:25:09.013 ******** 
Tuesday 25 August 2026  19:55:08 +0530 (0:00:00.054)       0:25:09.067 ******** 
Tuesday 25 August 2026  19:55:08 +0530 (0:00:00.046)       0:25:09.114 ******** 
Tuesday 25 August 2026  19:55:08 +0530 (0:00:00.068)       0:25:09.182 ******** 
Tuesday 25 August 2026  19:55:08 +0530 (0:00:00.047)       0:25:09.229 ******** 
Tuesday 25 August 2026  19:55:08 +0530 (0:00:00.071)       0:25:09.301 ******** 
Tuesday 25 August 2026  19:55:09 +0530 (0:00:00.212)       0:25:09.514 ******** 
Tuesday 25 August 2026  19:55:09 +0530 (0:00:00.081)       0:25:09.596 ******** 
Tuesday 25 August 2026  19:55:09 +0530 (0:00:00.090)       0:25:09.687 ******** 
Tuesday 25 August 2026  19:55:09 +0530 (0:00:00.051)       0:25:09.738 ******** 
Tuesday 25 August 2026  19:55:09 +0530 (0:00:00.074)       0:25:09.813 ******** 
Tuesday 25 August 2026  19:55:09 +0530 (0:00:00.048)       0:25:09.862 ******** 
Tuesday 25 August 2026  19:55:09 +0530 (0:00:00.046)       0:25:09.908 ******** 
Tuesday 25 August 2026  19:55:09 +0530 (0:00:00.045)       0:25:09.954 ******** 
Tuesday 25 August 2026  19:55:09 +0530 (0:00:00.054)       0:25:10.008 ******** 
Tuesday 25 August 2026  19:55:09 +0530 (0:00:00.041)       0:25:10.050 ******** 
Tuesday 25 August 2026  19:55:09 +0530 (0:00:00.042)       0:25:10.093 ******** 
Tuesday 25 August 2026  19:55:09 +0530 (0:00:00.046)       0:25:10.140 ******** 
Tuesday 25 August 2026  19:55:09 +0530 (0:00:00.070)       0:25:10.210 ******** 
Tuesday 25 August 2026  19:55:09 +0530 (0:00:00.047)       0:25:10.258 ******** 
Tuesday 25 August 2026  19:55:09 +0530 (0:00:00.058)       0:25:10.317 ******** 
Tuesday 25 August 2026  19:55:09 +0530 (0:00:00.045)       0:25:10.363 ******** 
Tuesday 25 August 2026  19:55:10 +0530 (0:00:00.073)       0:25:10.436 ******** 
Tuesday 25 August 2026  19:55:10 +0530 (0:00:00.062)       0:25:10.498 ******** 
Tuesday 25 August 2026  19:55:10 +0530 (0:00:00.044)       0:25:10.543 ******** 
Tuesday 25 August 2026  19:55:10 +0530 (0:00:00.063)       0:25:10.606 ******** 
Tuesday 25 August 2026  19:55:10 +0530 (0:00:00.047)       0:25:10.654 ******** 
Tuesday 25 August 2026  19:55:10 +0530 (0:00:00.073)       0:25:10.728 ******** 
Tuesday 25 August 2026  19:55:10 +0530 (0:00:00.073)       0:25:10.801 ******** 
Tuesday 25 August 2026  19:55:10 +0530 (0:00:00.066)       0:25:10.868 ******** 
Tuesday 25 August 2026  19:55:10 +0530 (0:00:00.048)       0:25:10.916 ******** 
Tuesday 25 August 2026  19:55:10 +0530 (0:00:00.051)       0:25:10.968 ******** 
Tuesday 25 August 2026  19:55:10 +0530 (0:00:00.037)       0:25:11.006 ******** 
Tuesday 25 August 2026  19:55:10 +0530 (0:00:00.041)       0:25:11.047 ******** 
Tuesday 25 August 2026  19:55:10 +0530 (0:00:00.040)       0:25:11.087 ******** 
Tuesday 25 August 2026  19:55:10 +0530 (0:00:00.071)       0:25:11.159 ******** 
Tuesday 25 August 2026  19:55:10 +0530 (0:00:00.055)       0:25:11.215 ******** 
Tuesday 25 August 2026  19:55:10 +0530 (0:00:00.049)       0:25:11.265 ******** 
Tuesday 25 August 2026  19:55:10 +0530 (0:00:00.040)       0:25:11.306 ******** 
Tuesday 25 August 2026  19:55:10 +0530 (0:00:00.071)       0:25:11.377 ******** 
Tuesday 25 August 2026  19:55:11 +0530 (0:00:00.046)       0:25:11.423 ******** 
Tuesday 25 August 2026  19:55:11 +0530 (0:00:00.056)       0:25:11.480 ******** 
Tuesday 25 August 2026  19:55:11 +0530 (0:00:00.041)       0:25:11.522 ******** 
Tuesday 25 August 2026  19:55:11 +0530 (0:00:00.090)       0:25:11.612 ******** 
Tuesday 25 August 2026  19:55:11 +0530 (0:00:00.049)       0:25:11.662 ******** 
Tuesday 25 August 2026  19:55:11 +0530 (0:00:00.039)       0:25:11.701 ******** 
Tuesday 25 August 2026  19:55:11 +0530 (0:00:00.038)       0:25:11.739 ******** 
Tuesday 25 August 2026  19:55:11 +0530 (0:00:00.040)       0:25:11.780 ******** 
Tuesday 25 August 2026  19:55:11 +0530 (0:00:00.038)       0:25:11.818 ******** 
Tuesday 25 August 2026  19:55:11 +0530 (0:00:00.039)       0:25:11.858 ******** 
Tuesday 25 August 2026  19:55:11 +0530 (0:00:00.038)       0:25:11.897 ******** 
Tuesday 25 August 2026  19:55:11 +0530 (0:00:00.052)       0:25:11.949 ******** 
Tuesday 25 August 2026  19:55:11 +0530 (0:00:00.049)       0:25:11.999 ******** 
Tuesday 25 August 2026  19:55:11 +0530 (0:00:00.061)       0:25:12.060 ******** 
Tuesday 25 August 2026  19:55:11 +0530 (0:00:00.051)       0:25:12.112 ******** 
Tuesday 25 August 2026  19:55:11 +0530 (0:00:00.045)       0:25:12.157 ******** 
Tuesday 25 August 2026  19:55:11 +0530 (0:00:00.061)       0:25:12.219 ******** 
Tuesday 25 August 2026  19:55:11 +0530 (0:00:00.053)       0:25:12.272 ******** 
Tuesday 25 August 2026  19:55:11 +0530 (0:00:00.047)       0:25:12.319 ******** 
Tuesday 25 August 2026  19:55:11 +0530 (0:00:00.046)       0:25:12.365 ******** 
Tuesday 25 August 2026  19:55:12 +0530 (0:00:00.056)       0:25:12.422 ******** 
Tuesday 25 August 2026  19:55:12 +0530 (0:00:00.043)       0:25:12.465 ******** 
Tuesday 25 August 2026  19:55:12 +0530 (0:00:00.075)       0:25:12.540 ******** 
Tuesday 25 August 2026  19:55:12 +0530 (0:00:00.076)       0:25:12.616 ******** 
Tuesday 25 August 2026  19:55:12 +0530 (0:00:00.042)       0:25:12.659 ******** 
Tuesday 25 August 2026  19:55:12 +0530 (0:00:00.048)       0:25:12.708 ******** 
Tuesday 25 August 2026  19:55:12 +0530 (0:00:00.043)       0:25:12.751 ******** 
Tuesday 25 August 2026  19:55:12 +0530 (0:00:00.038)       0:25:12.790 ******** 
Tuesday 25 August 2026  19:55:12 +0530 (0:00:00.051)       0:25:12.842 ******** 

PLAY [Apply resolv.conf changes now that cluster DNS is up] ********************
Tuesday 25 August 2026  19:55:12 +0530 (0:00:00.135)       0:25:12.977 ******** 

TASK [adduser : User | Create User Group] **************************************
ok: [k8s-cp-0]
ok: [k8s-w-0]
Tuesday 25 August 2026  19:55:12 +0530 (0:00:00.397)       0:25:13.375 ******** 

TASK [adduser : User | Create User] ********************************************
ok: [k8s-cp-0]
ok: [k8s-w-0]
Tuesday 25 August 2026  19:55:13 +0530 (0:00:00.492)       0:25:13.867 ******** 
Tuesday 25 August 2026  19:55:13 +0530 (0:00:00.080)       0:25:13.948 ******** 
Tuesday 25 August 2026  19:55:13 +0530 (0:00:00.095)       0:25:14.044 ******** 
Tuesday 25 August 2026  19:55:13 +0530 (0:00:00.079)       0:25:14.124 ******** 
Tuesday 25 August 2026  19:55:13 +0530 (0:00:00.083)       0:25:14.208 ******** 
Tuesday 25 August 2026  19:55:13 +0530 (0:00:00.075)       0:25:14.284 ******** 

TASK [kubernetes/preinstall : Check resolvconf] ********************************
ok: [k8s-cp-0]
ok: [k8s-w-0]
Tuesday 25 August 2026  19:55:14 +0530 (0:00:00.481)       0:25:14.766 ******** 

TASK [kubernetes/preinstall : Check existence of /etc/resolvconf/resolv.conf.d] ***
ok: [k8s-cp-0]
ok: [k8s-w-0]
Tuesday 25 August 2026  19:55:14 +0530 (0:00:00.415)       0:25:15.182 ******** 

TASK [kubernetes/preinstall : Check status of /etc/resolv.conf] ****************
ok: [k8s-cp-0]
ok: [k8s-w-0]
Tuesday 25 August 2026  19:55:15 +0530 (0:00:00.461)       0:25:15.643 ******** 

TASK [kubernetes/preinstall : Fetch resolv.conf] *******************************
ok: [k8s-cp-0]
ok: [k8s-w-0]
Tuesday 25 August 2026  19:55:15 +0530 (0:00:00.378)       0:25:16.022 ******** 

TASK [kubernetes/preinstall : NetworkManager | Check if host has NetworkManager] ***
ok: [k8s-cp-0]
ok: [k8s-w-0]
Tuesday 25 August 2026  19:55:15 +0530 (0:00:00.370)       0:25:16.393 ******** 

TASK [kubernetes/preinstall : Check systemd-resolved] **************************
ok: [k8s-cp-0]
ok: [k8s-w-0]
Tuesday 25 August 2026  19:55:16 +0530 (0:00:00.427)       0:25:16.820 ******** 

TASK [kubernetes/preinstall : Set default dns if remove_default_searchdomains is false] ***
ok: [k8s-cp-0]
ok: [k8s-w-0]
Tuesday 25 August 2026  19:55:16 +0530 (0:00:00.106)       0:25:16.926 ******** 

TASK [kubernetes/preinstall : Set dns facts] ***********************************
ok: [k8s-cp-0]
ok: [k8s-w-0]
Tuesday 25 August 2026  19:55:16 +0530 (0:00:00.103)       0:25:17.030 ******** 

TASK [kubernetes/preinstall : Check if kubelet is configured] ******************
ok: [k8s-cp-0]
ok: [k8s-w-0]
Tuesday 25 August 2026  19:55:17 +0530 (0:00:00.363)       0:25:17.393 ******** 

TASK [kubernetes/preinstall : Check if early DNS configuration stage] **********
ok: [k8s-cp-0]
ok: [k8s-w-0]
Tuesday 25 August 2026  19:55:17 +0530 (0:00:00.099)       0:25:17.492 ******** 

TASK [kubernetes/preinstall : Target resolv.conf files] ************************
ok: [k8s-cp-0]
ok: [k8s-w-0]
Tuesday 25 August 2026  19:55:17 +0530 (0:00:00.098)       0:25:17.590 ******** 
Tuesday 25 August 2026  19:55:17 +0530 (0:00:00.065)       0:25:17.656 ******** 

TASK [kubernetes/preinstall : Check if /etc/dhclient.conf exists] **************
ok: [k8s-cp-0]
ok: [k8s-w-0]
Tuesday 25 August 2026  19:55:17 +0530 (0:00:00.399)       0:25:18.056 ******** 
Tuesday 25 August 2026  19:55:17 +0530 (0:00:00.059)       0:25:18.115 ******** 

TASK [kubernetes/preinstall : Check if /etc/dhcp/dhclient.conf exists] *********
ok: [k8s-cp-0]
ok: [k8s-w-0]
Tuesday 25 August 2026  19:55:18 +0530 (0:00:00.320)       0:25:18.436 ******** 
Tuesday 25 August 2026  19:55:18 +0530 (0:00:00.076)       0:25:18.512 ******** 
Tuesday 25 August 2026  19:55:18 +0530 (0:00:00.064)       0:25:18.577 ******** 

TASK [kubernetes/preinstall : Target dhclient hook file for Debian family] *****
ok: [k8s-cp-0]
ok: [k8s-w-0]
Tuesday 25 August 2026  19:55:18 +0530 (0:00:00.084)       0:25:18.661 ******** 
Tuesday 25 August 2026  19:55:18 +0530 (0:00:00.089)       0:25:18.750 ******** 

TASK [kubernetes/preinstall : Check /usr readonly] *****************************
ok: [k8s-cp-0]
ok: [k8s-w-0]
Tuesday 25 August 2026  19:55:18 +0530 (0:00:00.323)       0:25:19.074 ******** 
Tuesday 25 August 2026  19:55:18 +0530 (0:00:00.073)       0:25:19.147 ******** 
Tuesday 25 August 2026  19:55:18 +0530 (0:00:00.040)       0:25:19.188 ******** 
Tuesday 25 August 2026  19:55:18 +0530 (0:00:00.087)       0:25:19.276 ******** 
Tuesday 25 August 2026  19:55:18 +0530 (0:00:00.061)       0:25:19.337 ******** 
Tuesday 25 August 2026  19:55:19 +0530 (0:00:00.063)       0:25:19.401 ******** 
Tuesday 25 August 2026  19:55:19 +0530 (0:00:00.067)       0:25:19.468 ******** 
Tuesday 25 August 2026  19:55:19 +0530 (0:00:00.072)       0:25:19.540 ******** 
Tuesday 25 August 2026  19:55:19 +0530 (0:00:00.071)       0:25:19.612 ******** 
Tuesday 25 August 2026  19:55:19 +0530 (0:00:00.089)       0:25:19.701 ******** 
Tuesday 25 August 2026  19:55:19 +0530 (0:00:00.171)       0:25:19.873 ******** 
Tuesday 25 August 2026  19:55:19 +0530 (0:00:00.061)       0:25:19.934 ******** 
Tuesday 25 August 2026  19:55:19 +0530 (0:00:00.074)       0:25:20.009 ******** 
Tuesday 25 August 2026  19:55:19 +0530 (0:00:00.062)       0:25:20.071 ******** 
Tuesday 25 August 2026  19:55:19 +0530 (0:00:00.060)       0:25:20.132 ******** 
Tuesday 25 August 2026  19:55:19 +0530 (0:00:00.118)       0:25:20.251 ******** 
Tuesday 25 August 2026  19:55:19 +0530 (0:00:00.073)       0:25:20.324 ******** 
Tuesday 25 August 2026  19:55:19 +0530 (0:00:00.061)       0:25:20.385 ******** 
Tuesday 25 August 2026  19:55:20 +0530 (0:00:00.062)       0:25:20.448 ******** 
Tuesday 25 August 2026  19:55:20 +0530 (0:00:00.073)       0:25:20.522 ******** 
Tuesday 25 August 2026  19:55:20 +0530 (0:00:00.067)       0:25:20.589 ******** 
Tuesday 25 August 2026  19:55:20 +0530 (0:00:00.071)       0:25:20.661 ******** 
Tuesday 25 August 2026  19:55:20 +0530 (0:00:00.079)       0:25:20.741 ******** 
Tuesday 25 August 2026  19:55:20 +0530 (0:00:00.080)       0:25:20.822 ******** 
Tuesday 25 August 2026  19:55:20 +0530 (0:00:00.173)       0:25:20.995 ******** 
Tuesday 25 August 2026  19:55:20 +0530 (0:00:00.114)       0:25:21.110 ******** 
Tuesday 25 August 2026  19:55:20 +0530 (0:00:00.075)       0:25:21.186 ******** 
Tuesday 25 August 2026  19:55:20 +0530 (0:00:00.079)       0:25:21.265 ******** 

TASK [kubernetes/preinstall : Create systemd-resolved drop-in directory] *******
ok: [k8s-cp-0]
ok: [k8s-w-0]
Tuesday 25 August 2026  19:55:21 +0530 (0:00:00.371)       0:25:21.637 ******** 

TASK [kubernetes/preinstall : Write Kubespray DNS settings to systemd-resolved] ***
changed: [k8s-cp-0]
changed: [k8s-w-0]
Tuesday 25 August 2026  19:55:22 +0530 (0:00:00.988)       0:25:22.625 ******** 

TASK [kubernetes/preinstall : NetworkManager | Ensure NetworkManager conf.d dir] ***
ok: [k8s-cp-0]
ok: [k8s-w-0]
Tuesday 25 August 2026  19:55:22 +0530 (0:00:00.385)       0:25:23.010 ******** 

TASK [kubernetes/preinstall : NetworkManager | Prevent NetworkManager from managing Calico interfaces (cali*/tunl*/vxlan.calico)] ***
ok: [k8s-cp-0]
ok: [k8s-w-0]
Tuesday 25 August 2026  19:55:23 +0530 (0:00:00.735)       0:25:23.746 ******** 

TASK [kubernetes/preinstall : NetworkManager | Prevent NetworkManager from managing K8S interfaces (kube-ipvs0/nodelocaldns)] ***
ok: [k8s-cp-0]
ok: [k8s-w-0]
Tuesday 25 August 2026  19:55:24 +0530 (0:00:00.737)       0:25:24.484 ******** 
Tuesday 25 August 2026  19:55:24 +0530 (0:00:00.182)       0:25:24.667 ******** 

TASK [kubernetes/preinstall : Set default dns if remove_default_searchdomains is false] ***
ok: [k8s-cp-0]
ok: [k8s-w-0]
Tuesday 25 August 2026  19:55:24 +0530 (0:00:00.107)       0:25:24.774 ******** 

TASK [kubernetes/preinstall : NetworkManager | Add DNS search to NM configuration] ***
ok: [k8s-cp-0]
ok: [k8s-w-0]
Tuesday 25 August 2026  19:55:24 +0530 (0:00:00.590)       0:25:25.365 ******** 

TASK [kubernetes/preinstall : NetworkManager | Add DNS options to NM configuration] ***
ok: [k8s-cp-0]
ok: [k8s-w-0]
Tuesday 25 August 2026  19:55:25 +0530 (0:00:00.358)       0:25:25.724 ******** 
Tuesday 25 August 2026  19:55:25 +0530 (0:00:00.070)       0:25:25.795 ******** 
Tuesday 25 August 2026  19:55:25 +0530 (0:00:00.074)       0:25:25.870 ******** 
Tuesday 25 August 2026  19:55:25 +0530 (0:00:00.080)       0:25:25.951 ******** 
Tuesday 25 August 2026  19:55:25 +0530 (0:00:00.105)       0:25:26.056 ******** 
Tuesday 25 August 2026  19:55:25 +0530 (0:00:00.085)       0:25:26.142 ******** 
Tuesday 25 August 2026  19:55:25 +0530 (0:00:00.081)       0:25:26.223 ******** 
Tuesday 25 August 2026  19:55:25 +0530 (0:00:00.085)       0:25:26.309 ******** 
Tuesday 25 August 2026  19:55:25 +0530 (0:00:00.069)       0:25:26.379 ******** 
Tuesday 25 August 2026  19:55:26 +0530 (0:00:00.070)       0:25:26.449 ******** 
Tuesday 25 August 2026  19:55:26 +0530 (0:00:00.079)       0:25:26.528 ******** 
Tuesday 25 August 2026  19:55:26 +0530 (0:00:00.079)       0:25:26.608 ******** 
Tuesday 25 August 2026  19:55:26 +0530 (0:00:00.113)       0:25:26.722 ******** 
Tuesday 25 August 2026  19:55:26 +0530 (0:00:00.080)       0:25:26.803 ******** 
Tuesday 25 August 2026  19:55:26 +0530 (0:00:00.077)       0:25:26.880 ******** 
Tuesday 25 August 2026  19:55:26 +0530 (0:00:00.074)       0:25:26.955 ******** 
Tuesday 25 August 2026  19:55:26 +0530 (0:00:00.065)       0:25:27.021 ******** 
Tuesday 25 August 2026  19:55:26 +0530 (0:00:00.067)       0:25:27.088 ******** 
Tuesday 25 August 2026  19:55:26 +0530 (0:00:00.071)       0:25:27.160 ******** 
Tuesday 25 August 2026  19:55:26 +0530 (0:00:00.084)       0:25:27.244 ******** 
Tuesday 25 August 2026  19:55:26 +0530 (0:00:00.073)       0:25:27.317 ******** 
Tuesday 25 August 2026  19:55:26 +0530 (0:00:00.070)       0:25:27.388 ******** 
Tuesday 25 August 2026  19:55:27 +0530 (0:00:00.077)       0:25:27.465 ******** 
Tuesday 25 August 2026  19:55:27 +0530 (0:00:00.069)       0:25:27.534 ******** 
Tuesday 25 August 2026  19:55:27 +0530 (0:00:00.065)       0:25:27.599 ******** 
Tuesday 25 August 2026  19:55:27 +0530 (0:00:00.062)       0:25:27.662 ******** 
Tuesday 25 August 2026  19:55:27 +0530 (0:00:00.061)       0:25:27.723 ******** 
Tuesday 25 August 2026  19:55:27 +0530 (0:00:00.069)       0:25:27.793 ******** 
Tuesday 25 August 2026  19:55:27 +0530 (0:00:00.062)       0:25:27.855 ******** 
Tuesday 25 August 2026  19:55:27 +0530 (0:00:00.068)       0:25:27.924 ******** 
Tuesday 25 August 2026  19:55:27 +0530 (0:00:00.074)       0:25:27.999 ******** 
Tuesday 25 August 2026  19:55:27 +0530 (0:00:00.078)       0:25:28.077 ******** 
Tuesday 25 August 2026  19:55:27 +0530 (0:00:00.064)       0:25:28.141 ******** 
Tuesday 25 August 2026  19:55:27 +0530 (0:00:00.064)       0:25:28.206 ******** 
Tuesday 25 August 2026  19:55:27 +0530 (0:00:00.021)       0:25:28.227 ******** 
Tuesday 25 August 2026  19:55:27 +0530 (0:00:00.019)       0:25:28.247 ******** 

RUNNING HANDLER [kubernetes/preinstall : Preinstall | Restart systemd-resolved] ***
changed: [k8s-w-0]
changed: [k8s-cp-0]
Tuesday 25 August 2026  19:55:29 +0530 (0:00:01.164)       0:25:29.412 ******** 
Tuesday 25 August 2026  19:55:29 +0530 (0:00:00.064)       0:25:29.477 ******** 

TASK [Run calico checks] *******************************************************
included: network_plugin/calico for k8s-cp-0, k8s-w-0
Tuesday 25 August 2026  19:55:29 +0530 (0:00:00.212)       0:25:29.689 ******** 

TASK [network_plugin/calico : Stop if legacy encapsulation variables are detected (ipip)] ***
ok: [k8s-cp-0] => {
    "changed": false,
    "msg": "All assertions passed"
}
Tuesday 25 August 2026  19:55:29 +0530 (0:00:00.067)       0:25:29.756 ******** 

TASK [network_plugin/calico : Stop if legacy encapsulation variables are detected (ipip_mode)] ***
ok: [k8s-cp-0] => {
    "changed": false,
    "msg": "All assertions passed"
}
Tuesday 25 August 2026  19:55:29 +0530 (0:00:00.072)       0:25:29.829 ******** 

TASK [network_plugin/calico : Stop if legacy encapsulation variables are detected (calcio_ipam_autoallocateblocks)] ***
ok: [k8s-cp-0] => {
    "changed": false,
    "msg": "All assertions passed"
}
Tuesday 25 August 2026  19:55:29 +0530 (0:00:00.066)       0:25:29.895 ******** 

TASK [network_plugin/calico : Stop if supported Calico versions] ***************
ok: [k8s-cp-0] => {
    "changed": false,
    "msg": "All assertions passed"
}
Tuesday 25 August 2026  19:55:29 +0530 (0:00:00.072)       0:25:29.967 ******** 

TASK [network_plugin/calico : Check if calicoctl.sh exists] ********************
ok: [k8s-cp-0]
Tuesday 25 August 2026  19:55:29 +0530 (0:00:00.323)       0:25:30.291 ******** 

TASK [network_plugin/calico : Check if calico ready] ***************************
changed: [k8s-cp-0]
Tuesday 25 August 2026  19:55:30 +0530 (0:00:00.332)       0:25:30.623 ******** 

TASK [network_plugin/calico : Get current calico version] **********************
ok: [k8s-cp-0]
Tuesday 25 August 2026  19:55:30 +0530 (0:00:00.380)       0:25:31.004 ******** 

TASK [network_plugin/calico : Assert that current calico version is enough for upgrade] ***
ok: [k8s-cp-0] => {
    "changed": false,
    "msg": "All assertions passed"
}
Tuesday 25 August 2026  19:55:30 +0530 (0:00:00.077)       0:25:31.082 ******** 
Tuesday 25 August 2026  19:55:30 +0530 (0:00:00.059)       0:25:31.141 ******** 
Tuesday 25 August 2026  19:55:30 +0530 (0:00:00.053)       0:25:31.195 ******** 

TASK [network_plugin/calico : Check vars defined correctly] ********************
ok: [k8s-cp-0] => {
    "changed": false,
    "msg": "All assertions passed"
}
Tuesday 25 August 2026  19:55:30 +0530 (0:00:00.068)       0:25:31.264 ******** 

TASK [network_plugin/calico : Check calico network backend defined correctly] ***
ok: [k8s-cp-0] => {
    "changed": false,
    "msg": "All assertions passed"
}
Tuesday 25 August 2026  19:55:30 +0530 (0:00:00.078)       0:25:31.343 ******** 

TASK [network_plugin/calico : Check ipip and vxlan mode defined correctly] *****
ok: [k8s-cp-0] => {
    "changed": false,
    "msg": "All assertions passed"
}
Tuesday 25 August 2026  19:55:31 +0530 (0:00:00.077)       0:25:31.420 ******** 
Tuesday 25 August 2026  19:55:31 +0530 (0:00:00.054)       0:25:31.475 ******** 

TASK [network_plugin/calico : Check ipip and vxlan mode if simultaneously enabled] ***
ok: [k8s-cp-0] => {
    "changed": false,
    "msg": "All assertions passed"
}
Tuesday 25 August 2026  19:55:31 +0530 (0:00:00.073)       0:25:31.549 ******** 

TASK [network_plugin/calico : Get Calico default-pool configuration] ***********
ok: [k8s-cp-0]
Tuesday 25 August 2026  19:55:31 +0530 (0:00:00.352)       0:25:31.901 ******** 

TASK [network_plugin/calico : Set calico_pool_conf] ****************************
ok: [k8s-cp-0]
Tuesday 25 August 2026  19:55:31 +0530 (0:00:00.076)       0:25:31.978 ******** 

TASK [network_plugin/calico : Check if inventory match current cluster configuration] ***
ok: [k8s-cp-0] => {
    "changed": false,
    "msg": "All assertions passed"
}
Tuesday 25 August 2026  19:55:31 +0530 (0:00:00.086)       0:25:32.064 ******** 
Tuesday 25 August 2026  19:55:31 +0530 (0:00:00.054)       0:25:32.119 ******** 
Tuesday 25 August 2026  19:55:31 +0530 (0:00:00.055)       0:25:32.175 ******** 
Tuesday 25 August 2026  19:55:31 +0530 (0:00:00.053)       0:25:32.228 ******** 
Tuesday 25 August 2026  19:55:32 +0530 (0:00:00.299)       0:25:32.528 ******** 
Tuesday 25 August 2026  19:55:32 +0530 (0:00:00.052)       0:25:32.580 ******** 

PLAY RECAP *********************************************************************
k8s-cp-0                   : ok=639  changed=136  unreachable=0    failed=0    skipped=833  rescued=0    ignored=4   
k8s-w-0                    : ok=439  changed=87   unreachable=0    failed=0    skipped=461  rescued=0    ignored=0   

Tuesday 25 August 2026  19:55:32 +0530 (0:00:00.082)       0:25:32.663 ******** 
=============================================================================== 
download : Download_file | Download item ------------------------------ 207.98s
download : Download_file | Download item ------------------------------ 170.87s
download : Download_file | Download item ------------------------------ 152.24s
download : Download_container | Download image if required ------------- 95.75s
download : Download_file | Download item ------------------------------- 47.77s
download : Download_container | Download image if required ------------- 44.70s
download : Download_container | Download image if required ------------- 44.15s
download : Download_container | Download image if required ------------- 43.03s
system_packages : Manage packages -------------------------------------- 40.31s
download : Download_container | Download image if required ------------- 36.88s
download : Download_container | Download image if required ------------- 35.74s
download : Download_container | Download image if required ------------- 32.63s
download : Download_container | Download image if required ------------- 32.31s
download : Download_file | Download item ------------------------------- 30.91s
download : Download_container | Download image if required ------------- 25.79s
container-engine/containerd : Download_file | Download item ------------ 23.93s
download : Download_container | Download image if required ------------- 21.76s
download : Download_file | Download item ------------------------------- 19.33s
download : Download_container | Download image if required ------------- 17.37s
container-engine/crictl : Download_file | Download item ---------------- 16.05s
PLAYBOOK_EXIT=0
